Id,MSSubClass,MSZoning,LotFrontage,LotArea,Street,Alley,LotShape,LandContour,Utilities,LotConfig,LandSlope,Neighborhood,Condition1,Condition2,BldgType,HouseStyle,OverallQual,OverallCond,YearBuilt,YearRemodAdd,RoofStyle,RoofMatl,Exterior1st,Exterior2nd,MasVnrType,MasVnrArea,ExterQual,ExterCond,Foundation,BsmtQual,BsmtCond,BsmtExposure,BsmtFinType1,BsmtFinSF1,BsmtFinType2,BsmtFinSF2,BsmtUnfSF,TotalBsmtSF,Heating,HeatingQC,CentralAir,Electrical,1stFlrSF,2ndFlrSF,LowQualFinSF,GrLivArea,BsmtFullBath,BsmtHalfBath,FullBath,HalfBath,BedroomAbvGr,KitchenAbvGr,KitchenQual,TotRmsAbvGrd,Functional,Fireplaces,FireplaceQu,GarageType,GarageYrBlt,GarageFinish,GarageCars,GarageArea,GarageQual,GarageCond,PavedDrive,WoodDeckSF,OpenPorchSF,EnclosedPorch,3SsnPorch,ScreenPorch,PoolArea,PoolQC,Fence,MiscFeature,MiscVal,MoSold,YrSold,SaleType,SaleCondition,SalePrice
5,60,RL,84.0,14260,Pave,,IR1,Lvl,AllPub,FR2,Gtl,NoRidge,Norm,Norm,1Fam,2Story,8,5,2000,2000,Gable,CompShg,VinylSd,VinylSd,BrkFace,350.0,Gd,TA,PConc,Gd,TA,Av,GLQ,655,Unf,0,490,1145,GasA,Ex,Y,SBrkr,1145,1053,0,2198,1,0,2,1,4,1,Gd,9,Typ,1,TA,Attchd,2000.0,RFn,3,836,TA,TA,Y,192,84,0,0,0,0,,,,0,12,2008,WD,Normal,250000
12,60,RL,85.0,11924,Pave,,IR1,Lvl,AllPub,Inside,Gtl,NridgHt,Norm,Norm,1Fam,2Story,9,5,2005,2006,Hip,CompShg,WdShing,Wd Shng,Stone,286.0,Ex,TA,PConc,Ex,TA,No,GLQ,998,Unf,0,177,1175,GasA,Ex,Y,SBrkr,1182,1142,0,2324,1,0,3,0,4,1,Ex,11,Typ,2,Gd,BuiltIn,2005.0,Fin,3,736,TA,TA,Y,147,21,0,0,0,0,,,,0,7,2006,New,Partial,345000
21,60,RL,101.0,14215,Pave,,IR1,Lvl,AllPub,Corner,Gtl,NridgHt,Norm,Norm,1Fam,2Story,8,5,2005,2006,Gable,CompShg,VinylSd,VinylSd,BrkFace,380.0,Gd,TA,PConc,Ex,TA,Av,Unf,0,Unf,0,1158,1158,GasA,Ex,Y,SBrkr,1158,1218,0,2376,0,0,3,1,4,1,Gd,9,Typ,1,Gd,BuiltIn,2005.0,RFn,3,853,TA,TA,Y,240,154,0,0,0,0,,,,0,11,2006,New,Partial,325300
34,20,RL,70.0,10552,Pave,,IR1,Lvl,AllPub,Inside,Gtl,NAmes,Norm,Norm,1Fam,1Story,5,5,1959,1959,Hip,CompShg,BrkFace,BrkFace,None,0.0,TA,TA,CBlock,TA,TA,No,Rec,1018,Unf,0,380,1398,GasA,Gd,Y,SBrkr,1700,0,0,1700,0,1,1,1,4,1,Gd,6,Typ,1,Gd,Attchd,1959.0,RFn,2,447,TA,TA,Y,0,38,0,0,0,0,,,,0,4,2010,WD,Normal,165500
36,60,RL,108.0,13418,Pave,,Reg,Lvl,AllPub,Inside,Gtl,NridgHt,Norm,Norm,1Fam,2Story,8,5,2004,2005,Gable,CompShg,VinylSd,VinylSd,Stone,132.0,Gd,TA,PConc,Ex,TA,Av,Unf,0,Unf,0,1117,1117,GasA,Ex,Y,SBrkr,1132,1320,0,2452,0,0,3,1,4,1,Gd,9,Typ,1,Gd,BuiltIn,2004.0,Fin,3,691,TA,TA,Y,113,32,0,0,0,0,,,,0,9,2006,WD,Normal,309000
66,60,RL,76.0,9591,Pave,,Reg,Lvl,AllPub,Inside,Gtl,NridgHt,Norm,Norm,1Fam,2Story,8,5,2004,2005,Gable,CompShg,VinylSd,VinylSd,BrkFace,344.0,Gd,TA,PConc,Ex,TA,Av,Unf,0,Unf,0,1143,1143,GasA,Ex,Y,SBrkr,1143,1330,0,2473,0,0,2,1,4,1,Gd,9,Typ,1,Gd,BuiltIn,2004.0,RFn,3,852,TA,TA,Y,192,151,0,0,0,0,,,,0,10,2007,WD,Normal,317000
79,90,RL,72.0,10778,Pave,,Reg,Lvl,AllPub,Inside,Gtl,Sawyer,Norm,Norm,Duplex,1Story,4,5,1968,1968,Hip,CompShg,HdBoard,HdBoard,None,0.0,TA,TA,CBlock,TA,TA,No,Unf,0,Unf,0,1768,1768,GasA,TA,N,SBrkr,1768,0,0,1768,0,0,2,0,4,2,TA,8,Typ,0,,,,,0,0,,,Y,0,0,0,0,0,0,,,,0,4,2010,WD,Normal,136500
81,60,RL,100.0,13000,Pave,,Reg,Lvl,AllPub,Corner,Gtl,NAmes,Norm,Norm,1Fam,2Story,6,6,1968,1968,Gable,CompShg,VinylSd,VinylSd,BrkFace,576.0,TA,Gd,CBlock,Gd,TA,No,Rec,448,Unf,0,448,896,GasA,TA,Y,SBrkr,1182,960,0,2142,0,0,2,1,4,1,Gd,8,Typ,1,Gd,Attchd,1968.0,Fin,1,509,TA,TA,Y,0,72,0,0,252,0,,,,0,6,2009,WD,Normal,193500
86,60,RL,121.0,16059,Pave,,Reg,Lvl,AllPub,Corner,Gtl,NoRidge,Norm,Norm,1Fam,2Story,8,5,1991,1992,Hip,CompShg,HdBoard,HdBoard,BrkFace,284.0,Gd,TA,CBlock,Gd,TA,No,Unf,0,Unf,0,1288,1288,GasA,Ex,Y,SBrkr,1301,1116,0,2417,0,0,2,1,4,1,Gd,9,Typ,1,TA,Attchd,1991.0,Unf,2,462,TA,TA,Y,127,82,0,0,0,0,,,,0,4,2006,WD,Normal,260000
94,190,C (all),60.0,7200,Pave,,Reg,Lvl,AllPub,Corner,Gtl,OldTown,Norm,Norm,2fmCon,2.5Unf,6,6,1910,1998,Hip,CompShg,MetalSd,MetalSd,None,0.0,TA,TA,BrkTil,TA,Fa,Mn,Rec,1046,Unf,0,168,1214,GasW,Ex,N,SBrkr,1260,1031,0,2291,0,1,2,0,4,2,TA,9,Typ,1,Gd,Detchd,1900.0,Unf,2,506,TA,TA,Y,0,0,0,0,99,0,,,,0,11,2007,WD,Normal,133900
103,90,RL,64.0,7018,Pave,,Reg,Bnk,AllPub,Inside,Gtl,SawyerW,Norm,Norm,Duplex,1Story,5,5,1979,1979,Gable,CompShg,HdBoard,HdBoard,None,0.0,TA,Fa,Slab,,,,,0,,0,0,0,GasA,TA,Y,SBrkr,1535,0,0,1535,0,0,2,0,4,2,TA,8,Typ,0,,Attchd,1979.0,Unf,2,410,TA,TA,Y,0,0,0,0,0,0,,,,0,6,2009,WD,Alloca,118964
105,50,RM,,7758,Pave,,Reg,Lvl,AllPub,Corner,Gtl,IDOTRR,Norm,Norm,1Fam,1.5Fin,7,4,1931,1950,Gable,CompShg,Stucco,Stucco,BrkFace,600.0,TA,Fa,PConc,TA,TA,No,LwQ,224,Unf,0,816,1040,GasA,Ex,Y,FuseF,1226,592,0,1818,0,0,1,1,4,1,TA,7,Typ,2,TA,Detchd,1951.0,Unf,1,240,TA,TA,Y,0,0,0,0,184,0,,,,0,6,2007,WD,Normal,169500
111,50,RL,75.0,9525,Pave,,Reg,Lvl,AllPub,Inside,Gtl,Edwards,Norm,Norm,1Fam,1.5Fin,6,4,1954,1972,Gable,CompShg,Wd Sdng,Wd Sdng,None,0.0,TA,TA,CBlock,TA,Fa,No,Rec,444,Unf,0,550,994,GasA,Gd,Y,SBrkr,1216,639,0,1855,0,0,2,0,4,1,TA,7,Typ,0,,Attchd,1954.0,Unf,1,325,TA,TA,Y,182,0,0,0,0,0,,,,0,10,2006,WD,Normal,136900
113,60,RL,77.0,9965,Pave,,Reg,Lvl,AllPub,Inside,Gtl,CollgCr,Norm,Norm,1Fam,2Story,7,5,2007,2007,Gable,CompShg,VinylSd,VinylSd,Stone,220.0,Gd,TA,PConc,Ex,TA,Av,GLQ,984,Unf,0,280,1264,GasA,Ex,Y,SBrkr,1282,1414,0,2696,1,0,2,1,4,1,Ex,10,Typ,1,Gd,BuiltIn,2007.0,Fin,3,792,TA,TA,Y,120,184,0,0,168,0,,,,0,10,2007,New,Partial,383970
131,60,RL,88.0,14200,Pave,,Reg,Lvl,AllPub,Corner,Gtl,NAmes,Norm,Norm,1Fam,2Story,7,6,1966,1966,Gable,CompShg,MetalSd,MetalSd,BrkFace,309.0,TA,TA,CBlock,TA,TA,No,Rec,445,Unf,0,479,924,GasA,Ex,Y,SBrkr,1216,941,0,2157,0,0,2,1,4,1,Gd,8,Typ,2,Gd,Attchd,1966.0,Fin,2,487,TA,TA,Y,105,66,0,0,0,0,,GdPrv,,0,5,2006,WD,Normal,226000
143,50,RL,71.0,8520,Pave,,Reg,Lvl,AllPub,Corner,Gtl,NAmes,Artery,Norm,1Fam,1.5Fin,5,4,1952,1952,Gable,CompShg,BrkFace,Wd Sdng,None,0.0,TA,Fa,CBlock,TA,TA,No,Rec,507,Unf,0,403,910,GasA,Fa,Y,SBrkr,910,475,0,1385,0,0,2,0,4,1,TA,6,Typ,0,,Detchd,2000.0,Unf,2,720,TA,TA,Y,0,0,0,0,0,0,,MnPrv,,0,6,2010,WD,Normal,166000
153,60,RL,,14803,Pave,,IR1,Lvl,AllPub,CulDSac,Gtl,NWAmes,Norm,Norm,1Fam,2Story,6,5,1971,1971,Gable,CompShg,HdBoard,HdBoard,BrkFace,252.0,TA,TA,CBlock,TA,TA,No,Rec,416,Unf,0,409,825,GasA,Gd,Y,SBrkr,1097,896,0,1993,0,0,2,1,4,1,TA,8,Typ,1,Gd,Attchd,1971.0,RFn,2,495,TA,TA,Y,0,66,0,0,0,0,,GdWo,,0,6,2006,WD,Normal,190000
155,30,RM,84.0,11340,Pave,,Reg,Lvl,AllPub,Corner,Gtl,OldTown,Norm,Norm,1Fam,1Story,6,5,1923,1950,Gable,CompShg,Wd Sdng,Wd Sdng,None,0.0,TA,TA,BrkTil,TA,TA,No,Unf,0,Unf,0,1200,1200,GasA,TA,Y,FuseA,1200,0,0,1200,0,0,1,0,4,1,TA,7,Typ,0,,Detchd,1923.0,Unf,1,312,Fa,Fa,Y,0,0,228,0,0,0,,,,0,3,2006,WD,Family,125000
158,60,RL,92.0,12003,Pave,,Reg,Lvl,AllPub,Corner,Gtl,Timber,Norm,Norm,1Fam,2Story,8,5,2009,2010,Gable,CompShg,VinylSd,VinylSd,BrkFace,84.0,Gd,TA,PConc,Ex,TA,No,Unf,0,Unf,0,774,774,GasA,Ex,Y,SBrkr,774,1194,0,1968,0,0,2,1,4,1,Ex,8,Typ,1,Gd,BuiltIn,2009.0,Fin,3,680,TA,TA,Y,0,75,0,0,0,0,,,,0,5,2010,New,Partial,269500
160,60,RL,134.0,19378,Pave,,IR1,HLS,AllPub,Corner,Gtl,Gilbert,Norm,Norm,1Fam,2Story,7,5,2005,2006,Gable,CompShg,VinylSd,VinylSd,BrkFace,456.0,Gd,TA,PConc,Gd,TA,Mn,GLQ,57,Unf,0,1335,1392,GasA,Ex,Y,SBrkr,1392,1070,0,2462,1,0,2,1,4,1,Gd,9,Typ,1,Gd,Attchd,2006.0,RFn,2,576,TA,TA,Y,239,132,0,168,0,0,,,,0,3,2006,New,Partial,320000
166,190,RL,62.0,10106,Pave,,Reg,Lvl,AllPub,Inside,Gtl,Edwards,Norm,Norm,2fmCon,1.5Fin,5,7,1940,1999,Gable,CompShg,Wd Sdng,Wd Sdng,None,0.0,TA,Gd,BrkTil,TA,TA,No,ALQ,351,Rec,181,112,644,GasA,Gd,Y,SBrkr,808,547,0,1355,1,0,2,0,4,2,TA,6,Typ,0,,,,,0,0,,,Y,140,0,0,0,0,0,,,,0,9,2008,WD,Normal,127500
176,20,RL,84.0,12615,Pave,,Reg,Lvl,AllPub,Corner,Gtl,Edwards,Norm,Norm,1Fam,1Story,6,7,1950,2001,Gable,CompShg,WdShing,Wd Shng,None,0.0,TA,TA,CBlock,TA,Gd,Av,ALQ,477,Unf,0,725,1202,GasA,TA,Y,SBrkr,2158,0,0,2158,1,0,2,0,4,1,Gd,7,Typ,1,Gd,Attchd,1950.0,Unf,2,576,TA,TA,Y,0,29,39,0,0,0,,MnPrv,,0,6,2007,WD,Normal,243000
177,60,RL,97.0,10029,Pave,,IR1,Lvl,AllPub,Corner,Gtl,ClearCr,Norm,Norm,1Fam,2Story,6,5,1988,1989,Gable,CompShg,Plywood,Plywood,BrkFace,268.0,Gd,TA,PConc,Gd,TA,No,GLQ,831,Unf,0,320,1151,GasA,TA,Y,SBrkr,1164,896,0,2060,0,1,2,1,4,1,TA,8,Typ,1,TA,Attchd,1988.0,Unf,2,521,TA,TA,Y,0,228,0,0,192,0,,,,0,9,2007,WD,Normal,211000
178,50,RL,,13650,Pave,,Reg,Lvl,AllPub,Inside,Gtl,Sawyer,Norm,Norm,1Fam,1.5Fin,5,5,1958,1958,Gable,CompShg,MetalSd,MetalSd,None,0.0,Gd,Gd,CBlock,TA,TA,No,ALQ,57,BLQ,441,554,1052,GasA,Ex,Y,SBrkr,1252,668,0,1920,1,0,2,0,4,1,Gd,8,Typ,1,Gd,Attchd,1958.0,Unf,2,451,TA,TA,Y,0,0,0,0,0,0,,,,0,7,2006,WD,Normal,172500
182,70,RL,54.0,7588,Pave,,Reg,Lvl,AllPub,Inside,Gtl,Crawfor,Norm,Norm,1Fam,2Story,7,6,1920,1950,Gable,CompShg,Stucco,Stucco,None,0.0,TA,TA,BrkTil,Fa,TA,No,LwQ,352,Unf,0,441,793,GasA,Gd,Y,SBrkr,901,901,0,1802,0,0,1,1,4,1,TA,9,Typ,1,Gd,Detchd,1920.0,Unf,1,216,Fa,TA,Y,0,0,40,0,0,0,,,,0,7,2006,WD,Normal,200100
186,75,RM,90.0,22950,Pave,,IR2,Lvl,AllPub,Inside,Gtl,OldTown,Artery,Norm,1Fam,2.5Fin,10,9,1892,1993,Gable,WdShngl,Wd Sdng,Wd Sdng,None,0.0,Gd,Gd,BrkTil,TA,TA,Mn,Unf,0,Unf,0,1107,1107,GasA,Ex,Y,SBrkr,1518,1518,572,3608,0,0,2,1,4,1,Ex,12,Typ,2,TA,Detchd,1993.0,Unf,3,840,Ex,TA,Y,0,260,0,0,410,0,,GdPrv,,0,6,2006,WD,Normal,475000
192,60,RL,,7472,Pave,,IR1,Lvl,AllPub,CulDSac,Gtl,NAmes,Norm,Norm,1Fam,2Story,7,9,1972,2004,Gable,CompShg,HdBoard,HdBoard,BrkFace,138.0,TA,TA,CBlock,TA,TA,No,ALQ,626,Unf,0,99,725,GasA,Gd,Y,SBrkr,725,754,0,1479,1,0,1,1,4,1,Gd,7,Typ,0,,Attchd,1972.0,Fin,2,484,TA,TA,Y,0,32,0,0,0,0,,,,0,6,2007,WD,Normal,184000
198,75,RL,174.0,25419,Pave,,Reg,Lvl,AllPub,Corner,Gtl,NAmes,Artery,Norm,1Fam,2Story,8,4,1918,1990,Gable,CompShg,Stucco,Stucco,None,0.0,Gd,Gd,PConc,TA,TA,No,GLQ,1036,LwQ,184,140,1360,GasA,Gd,Y,SBrkr,1360,1360,392,3112,1,1,2,0,4,1,Gd,8,Typ,1,Ex,Detchd,1918.0,Unf,2,795,TA,TA,Y,0,16,552,0,0,512,Ex,GdPrv,,0,3,2006,WD,Abnorml,235000
222,60,RL,,8068,Pave,,IR1,Lvl,AllPub,Inside,Gtl,Gilbert,Norm,Norm,1Fam,2Story,6,5,2002,2002,Gable,CompShg,VinylSd,VinylSd,None,0.0,Gd,TA,PConc,Gd,TA,No,Unf,0,Unf,0,1010,1010,GasA,Ex,Y,SBrkr,1010,1257,0,2267,0,0,2,1,4,1,Gd,8,Typ,1,TA,BuiltIn,2002.0,RFn,2,390,TA,TA,Y,120,46,0,0,0,0,,,,0,12,2009,ConLI,Normal,200000
227,60,RL,82.0,9950,Pave,,IR1,Lvl,AllPub,Inside,Gtl,NoRidge,Norm,Norm,1Fam,2Story,7,5,1995,1995,Gable,CompShg,VinylSd,VinylSd,BrkFace,290.0,Gd,TA,PConc,Gd,TA,No,GLQ,565,Unf,0,638,1203,GasA,Ex,Y,SBrkr,1214,1306,0,2520,0,0,2,1,4,1,Gd,9,Typ,1,TA,Attchd,1995.0,RFn,3,721,TA,TA,Y,224,114,0,0,0,0,,,,0,6,2007,WD,Abnorml,290000
232,60,RL,174.0,15138,Pave,,IR1,Lvl,AllPub,Inside,Gtl,NoRidge,Norm,Norm,1Fam,2Story,8,5,1995,1996,Gable,CompShg,VinylSd,VinylSd,BrkFace,506.0,Gd,TA,PConc,Gd,TA,No,GLQ,689,Unf,0,773,1462,GasA,Ex,Y,SBrkr,1490,1304,0,2794,1,0,2,1,4,1,Ex,9,Typ,1,TA,Attchd,1995.0,Fin,3,810,TA,TA,Y,0,146,202,0,0,0,,,,0,7,2009,WD,Normal,403000
235,60,RL,,7851,Pave,,Reg,Lvl,AllPub,Inside,Gtl,Gilbert,Norm,Norm,1Fam,2Story,6,5,2002,2002,Gable,CompShg,VinylSd,VinylSd,,,Gd,TA,PConc,Gd,TA,No,GLQ,625,Unf,0,235,860,GasA,Ex,Y,SBrkr,860,1100,0,1960,1,0,2,1,4,1,Gd,8,Typ,2,TA,BuiltIn,2002.0,Fin,2,440,TA,TA,Y,288,48,0,0,0,0,,,,0,5,2010,WD,Normal,216500
247,190,RM,69.0,9142,Pave,Grvl,Reg,Lvl,AllPub,Inside,Gtl,OldTown,Norm,Norm,2fmCon,2Story,6,8,1910,1950,Gable,CompShg,AsbShng,AsbShng,None,0.0,TA,Fa,Stone,Fa,TA,No,Unf,0,Unf,0,1020,1020,GasA,Gd,N,FuseP,908,1020,0,1928,0,0,2,0,4,2,Fa,9,Typ,0,,Detchd,1910.0,Unf,1,440,Po,Po,Y,0,60,112,0,0,0,,,,0,4,2006,WD,Normal,137000
250,50,RL,,159000,Pave,,IR2,Low,AllPub,CulDSac,Sev,ClearCr,Norm,Norm,1Fam,1.5Fin,6,7,1958,2006,Gable,CompShg,Wd Sdng,HdBoard,BrkCmn,472.0,Gd,TA,CBlock,Gd,TA,Gd,Rec,697,Unf,0,747,1444,GasA,Gd,Y,SBrkr,1444,700,0,2144,0,1,2,0,4,1,Gd,7,Typ,2,TA,Attchd,1958.0,Fin,2,389,TA,TA,Y,0,98,0,0,0,0,,,Shed,500,6,2007,WD,Normal,277000
256,60,RL,66.0,8738,Pave,,IR1,Lvl,AllPub,Inside,Gtl,Gilbert,Norm,Norm,1Fam,2Story,7,5,1999,1999,Gable,CompShg,VinylSd,VinylSd,BrkFace,302.0,Gd,TA,PConc,Gd,TA,No,Unf,0,Unf,0,975,975,GasA,Ex,Y,SBrkr,1005,1286,0,2291,0,0,2,1,4,1,Gd,8,Typ,1,TA,BuiltIn,1999.0,Fin,2,429,TA,TA,Y,192,0,0,0,0,0,,,,0,2,2006,WD,Normal,230000
268,75,RL,60.0,8400,Pave,,Reg,Bnk,AllPub,Inside,Mod,SWISU,Norm,Norm,1Fam,2.5Fin,5,8,1939,1997,Gable,CompShg,Wd Sdng,Wd Sdng,None,0.0,TA,TA,PConc,TA,TA,No,LwQ,378,Unf,0,342,720,GasA,Ex,Y,SBrkr,1052,720,420,2192,0,0,2,1,4,1,Gd,8,Typ,1,Gd,Detchd,1939.0,Unf,1,240,TA,TA,Y,262,24,0,0,0,0,,,,0,7,2008,WD,Normal,179500
273,60,RL,92.0,11764,Pave,,IR1,Lvl,AllPub,CulDSac,Gtl,NoRidge,Norm,Norm,1Fam,2Story,8,7,1999,2007,Gable,CompShg,VinylSd,VinylSd,BrkFace,348.0,Gd,TA,PConc,Gd,TA,No,GLQ,524,Unf,0,628,1152,GasA,Ex,Y,SBrkr,1164,1106,0,2270,0,0,2,1,4,1,Gd,9,Typ,1,Gd,Attchd,1999.0,Fin,3,671,TA,TA,Y,132,57,0,0,0,0,,,,0,4,2010,WD,Normal,290000
280,60,RL,83.0,10005,Pave,,Reg,Lvl,AllPub,Inside,Gtl,ClearCr,Norm,Norm,1Fam,2Story,7,5,1977,1977,Hip,CompShg,Plywood,Plywood,BrkFace,299.0,TA,TA,CBlock,Gd,TA,No,BLQ,392,Unf,0,768,1160,GasA,Ex,Y,SBrkr,1156,866,0,2022,0,0,2,1,4,1,TA,8,Typ,1,TA,Attchd,1977.0,Fin,2,505,TA,TA,Y,288,117,0,0,0,0,,,,0,3,2008,WD,Normal,192000
297,50,RM,75.0,13710,Pave,,Reg,Lvl,AllPub,Inside,Gtl,IDOTRR,Norm,Norm,1Fam,1.5Fin,5,5,1950,1950,Gable,CompShg,Wd Sdng,Wd Sdng,None,0.0,TA,TA,CBlock,TA,TA,No,BLQ,420,Unf,0,490,910,GasA,TA,Y,FuseA,910,648,0,1558,0,0,1,1,4,1,TA,6,Typ,0,,Attchd,1950.0,Unf,1,282,TA,TA,Y,289,0,0,0,0,0,,MnPrv,,0,6,2007,WD,Normal,152000
302,60,RL,66.0,16226,Pave,,IR3,Lvl,AllPub,Inside,Gtl,CollgCr,Norm,Norm,1Fam,2Story,8,5,1998,1999,Gable,CompShg,VinylSd,VinylSd,None,0.0,Gd,TA,PConc,Gd,TA,No,GLQ,281,Unf,0,747,1028,GasA,Ex,Y,SBrkr,1210,1242,0,2452,0,0,2,1,4,1,Gd,9,Typ,1,TA,BuiltIn,1998.0,Fin,2,683,TA,TA,Y,208,50,0,0,0,0,,,,0,5,2007,WD,Normal,267000
307,60,RL,116.0,13474,Pave,,Reg,Lvl,AllPub,Inside,Gtl,SawyerW,Feedr,Norm,1Fam,2Story,7,5,1990,1991,Gable,CompShg,HdBoard,Plywood,BrkFace,246.0,Gd,TA,CBlock,Gd,TA,No,ALQ,700,Unf,0,0,700,GasA,Gd,Y,SBrkr,1122,1121,0,2243,1,0,2,1,4,1,Gd,8,Typ,1,TA,Attchd,1990.0,RFn,3,746,TA,TA,Y,127,44,224,0,0,0,,,,0,6,2007,WD,Normal,225000
317,60,RL,94.0,13005,Pave,,IR1,Lvl,AllPub,Corner,Gtl,NWAmes,Norm,Norm,1Fam,2Story,7,7,1980,1980,Gable,CompShg,CemntBd,CmentBd,BrkFace,278.0,Gd,TA,CBlock,Gd,TA,No,GLQ,692,Unf,0,153,845,GasA,TA,Y,SBrkr,1153,1200,0,2353,1,0,2,1,4,1,Ex,10,Typ,1,TA,Attchd,1983.0,RFn,2,484,TA,TA,Y,288,195,0,0,0,0,,GdPrv,,0,8,2009,WD,Normal,260000
319,60,RL,90.0,9900,Pave,,Reg,Low,AllPub,Inside,Mod,NoRidge,Norm,Norm,1Fam,2Story,7,5,1993,1993,Gable,CompShg,HdBoard,HdBoard,BrkFace,256.0,Gd,TA,PConc,Gd,TA,Gd,GLQ,987,Unf,0,360,1347,GasA,Ex,Y,SBrkr,1372,1274,0,2646,1,0,2,1,4,1,Gd,9,Typ,1,TA,Attchd,1993.0,RFn,3,656,TA,TA,Y,340,60,144,0,0,0,,,,0,4,2009,WD,Normal,260000
321,60,RL,111.0,16259,Pave,,Reg,Lvl,AllPub,Corner,Gtl,NridgHt,Norm,Norm,1Fam,2Story,9,5,2006,2006,Gable,CompShg,VinylSd,VinylSd,Stone,370.0,TA,TA,PConc,Ex,Gd,Av,Unf,0,Unf,0,1249,1249,GasA,Ex,Y,SBrkr,1249,1347,0,2596,0,0,3,1,4,1,Gd,9,Typ,0,,Attchd,2006.0,RFn,3,840,TA,TA,Y,240,154,0,0,0,0,,,,0,9,2006,New,Partial,342643
322,60,RL,99.0,12099,Pave,,IR1,Lvl,AllPub,Inside,Gtl,NridgHt,Norm,Norm,1Fam,2Story,8,5,2004,2004,Gable,CompShg,VinylSd,VinylSd,BrkFace,388.0,Gd,TA,PConc,Ex,TA,Av,GLQ,970,Unf,0,166,1136,GasA,Ex,Y,SBrkr,1136,1332,0,2468,1,0,2,1,4,1,Gd,10,Typ,1,Gd,BuiltIn,2004.0,Fin,3,872,TA,TA,Y,184,154,0,0,0,0,,,,0,6,2007,WD,Normal,354000
323,60,RL,86.0,10380,Pave,,IR1,Lvl,AllPub,Inside,Gtl,SawyerW,Norm,Norm,1Fam,2Story,7,5,1986,1987,Gable,CompShg,Plywood,Plywood,BrkFace,172.0,Gd,TA,CBlock,TA,TA,Gd,LwQ,28,ALQ,1474,0,1502,GasA,Ex,Y,SBrkr,1553,1177,0,2730,1,0,2,1,4,1,Gd,8,Typ,1,TA,Attchd,1987.0,Fin,2,576,TA,TA,Y,201,96,0,0,0,0,,MnPrv,,0,8,2007,WD,Normal,301000
341,60,RL,85.0,14191,Pave,,Reg,Lvl,AllPub,Inside,Gtl,Timber,Norm,Norm,1Fam,2Story,8,5,2002,2002,Gable,CompShg,VinylSd,VinylSd,None,0.0,Gd,TA,PConc,Gd,TA,No,Unf,0,Unf,0,967,967,GasA,Ex,Y,SBrkr,993,915,0,1908,0,0,2,1,4,1,Gd,9,Typ,0,,Attchd,2002.0,Fin,2,431,TA,TA,Y,135,0,0,0,0,0,,,,0,4,2010,WD,Normal,202900
350,60,RL,56.0,20431,Pave,,IR2,Lvl,AllPub,Inside,Gtl,NridgHt,Norm,Norm,1Fam,2Story,9,5,2005,2006,Hip,CompShg,CemntBd,CmentBd,BrkFace,870.0,Ex,TA,PConc,Ex,TA,No,GLQ,1410,Unf,0,438,1848,GasA,Ex,Y,SBrkr,1848,880,0,2728,1,0,2,1,4,1,Ex,10,Typ,2,Ex,Attchd,2006.0,Fin,3,706,TA,TA,Y,0,0,0,0,0,0,,,,0,4,2006,New,Partial,437154
363,85,RL,64.0,7301,Pave,,Reg,Lvl,AllPub,Corner,Gtl,Edwards,Norm,Norm,1Fam,SFoyer,7,5,2003,2003,Gable,CompShg,HdBoard,HdBoard,BrkFace,500.0,Gd,TA,Slab,,,,,0,,0,0,0,GasA,Ex,Y,SBrkr,495,1427,0,1922,0,0,3,0,4,1,Gd,7,Typ,1,Ex,BuiltIn,2003.0,RFn,2,672,TA,TA,Y,0,0,177,0,0,0,,,,0,7,2009,ConLD,Normal,198500
372,50,RL,80.0,17120,Pave,,Reg,Lvl,AllPub,Inside,Gtl,ClearCr,Feedr,Norm,1Fam,1.5Fin,4,4,1959,1959,Gable,CompShg,WdShing,Plywood,None,0.0,TA,TA,CBlock,,,,,0,,0,0,0,GasA,TA,Y,SBrkr,1120,468,0,1588,0,0,2,0,4,1,TA,7,Min2,1,Gd,Detchd,1991.0,Fin,2,680,TA,TA,N,0,59,0,0,0,0,,,,0,7,2008,WD,Normal,134432
375,60,RL,65.0,8200,Pave,,Reg,Lvl,AllPub,Inside,Gtl,CollgCr,Norm,Norm,1Fam,2Story,7,5,2003,2004,Gable,CompShg,VinylSd,VinylSd,None,0.0,Gd,TA,PConc,Gd,TA,No,Unf,0,Unf,0,847,847,GasA,Ex,Y,SBrkr,847,1081,0,1928,0,0,2,1,4,1,Gd,8,Typ,1,Gd,BuiltIn,2003.0,Fin,2,434,TA,TA,Y,100,48,0,0,0,0,,,,0,7,2007,WD,Normal,219500
378,60,FV,102.0,11143,Pave,,IR1,Lvl,AllPub,Corner,Gtl,Somerst,Norm,Norm,1Fam,2Story,8,5,2004,2005,Gable,CompShg,CemntBd,CmentBd,None,0.0,Gd,TA,PConc,Gd,TA,No,Unf,0,Unf,0,1580,1580,GasA,Ex,Y,SBrkr,1580,886,0,2466,0,0,3,0,4,1,Gd,8,Typ,1,Gd,Attchd,2004.0,RFn,2,610,TA,TA,Y,159,214,0,0,0,0,,,,0,12,2007,WD,Normal,340000
391,50,RL,50.0,8405,Pave,Grvl,Reg,Lvl,AllPub,Inside,Gtl,Edwards,Norm,Norm,1Fam,1.5Fin,5,8,1900,1950,Gable,CompShg,MetalSd,MetalSd,None,0.0,TA,TA,BrkTil,TA,Gd,No,Rec,241,BLQ,391,229,861,GasA,Ex,Y,SBrkr,961,406,0,1367,1,0,1,0,4,1,TA,7,Typ,0,,Detchd,1978.0,Unf,1,384,TA,TA,Y,0,130,112,0,0,0,,MnPrv,,0,4,2008,WD,Normal,119000
398,60,RL,69.0,7590,Pave,,Reg,Lvl,AllPub,Inside,Gtl,NAmes,PosN,Norm,1Fam,2Story,5,5,1962,1962,Gable,CompShg,VinylSd,VinylSd,BrkFace,288.0,TA,TA,CBlock,TA,TA,No,ALQ,540,Unf,0,324,864,GasA,TA,Y,SBrkr,876,936,0,1812,0,0,2,0,4,1,TA,8,Typ,1,TA,Attchd,1962.0,RFn,1,264,TA,TA,Y,0,168,0,0,0,0,,,,0,7,2007,WD,Normal,169500
404,60,RL,93.0,12090,Pave,,Reg,Lvl,AllPub,Corner,Gtl,NoRidge,Norm,Norm,1Fam,2Story,8,5,1998,1998,Hip,CompShg,VinylSd,VinylSd,BrkFace,650.0,Gd,TA,PConc,Gd,TA,No,Unf,0,Unf,0,1141,1141,GasA,Gd,Y,SBrkr,1165,1098,0,2263,0,0,2,1,4,1,Gd,10,Typ,1,TA,BuiltIn,1998.0,Fin,2,420,TA,TA,Y,144,123,0,0,0,0,,,,0,7,2006,WD,Abnorml,258000
408,70,RL,63.0,15576,Pave,,Reg,Lvl,AllPub,Inside,Gtl,Crawfor,Norm,Norm,1Fam,2Story,6,7,1915,1976,Gable,CompShg,Wd Sdng,Plywood,None,0.0,TA,TA,BrkTil,Gd,TA,No,Unf,0,Unf,0,840,840,GasA,Ex,Y,SBrkr,840,840,0,1680,0,0,2,0,4,1,TA,8,Typ,0,,Attchd,1960.0,Unf,1,308,TA,TA,Y,0,0,160,0,0,0,,,,0,3,2008,WD,Normal,177000
418,70,RL,86.0,22420,Pave,,IR1,Lvl,AllPub,Inside,Gtl,Crawfor,Feedr,Norm,1Fam,2Story,6,6,1918,1950,Hip,CompShg,Wd Sdng,Stucco,None,0.0,TA,TA,BrkTil,Gd,TA,No,BLQ,1128,Unf,0,242,1370,GasW,TA,N,FuseA,1370,1254,0,2624,1,0,2,1,4,1,TA,10,Typ,1,Gd,Detchd,1918.0,Unf,3,864,TA,TA,N,0,0,0,0,0,0,,,,0,11,2007,WD,Normal,239000
424,60,RL,80.0,9200,Pave,,Reg,Lvl,AllPub,Inside,Gtl,NoRidge,Norm,Norm,1Fam,2Story,8,5,1998,1998,Gable,CompShg,VinylSd,VinylSd,BrkFace,473.0,Gd,TA,PConc,Gd,TA,No,GLQ,986,Unf,0,484,1470,GasA,Gd,Y,SBrkr,1470,1160,0,2630,1,0,2,1,4,1,Gd,8,Typ,1,TA,Attchd,1998.0,Fin,3,696,TA,TA,Y,0,66,0,0,0,0,,,,0,6,2008,WD,Normal,315000
432,50,RM,60.0,5586,Pave,,IR1,Bnk,AllPub,Inside,Gtl,OldTown,Feedr,Norm,1Fam,1.5Fin,6,7,1920,1998,Gable,CompShg,MetalSd,MetalSd,None,0.0,TA,TA,BrkTil,TA,TA,No,Unf,0,Unf,0,901,901,GasA,Gd,Y,SBrkr,1088,110,0,1198,0,0,1,0,4,1,TA,7,Typ,0,,,,,0,0,,,N,0,98,0,0,0,0,,MnPrv,,0,9,2008,ConLD,Abnorml,79900
442,90,RL,92.0,12108,Pave,,Reg,Lvl,AllPub,Inside,Gtl,Edwards,Norm,Norm,Duplex,1Story,4,4,1955,1955,Gable,CompShg,VinylSd,VinylSd,BrkFace,270.0,TA,TA,CBlock,TA,TA,No,ALQ,133,Unf,0,1307,1440,GasA,TA,N,FuseF,1440,0,0,1440,0,0,2,0,4,2,Fa,8,Typ,0,,,,,0,0,,,Y,0,0,0,0,0,0,,,,0,9,2008,WD,Normal,118000
445,60,RL,70.0,8750,Pave,,Reg,Lvl,AllPub,Inside,Gtl,CollgCr,Norm,Norm,1Fam,2Story,7,5,1994,1995,Gable,CompShg,VinylSd,VinylSd,None,0.0,Gd,Gd,PConc,Gd,TA,No,GLQ,642,Unf,0,273,915,GasA,Ex,Y,SBrkr,933,975,0,1908,1,0,2,1,4,1,Gd,8,Typ,1,TA,Attchd,1994.0,Unf,2,493,TA,TA,Y,144,133,0,0,0,0,,,,0,7,2008,WD,Normal,210000
448,60,RL,,11214,Pave,,IR1,Lvl,AllPub,Corner,Gtl,Gilbert,Norm,Norm,1Fam,2Story,7,5,1998,1999,Gable,CompShg,VinylSd,VinylSd,None,0.0,Gd,TA,PConc,Gd,TA,No,Unf,0,Unf,0,930,930,GasA,Gd,Y,SBrkr,956,930,0,1886,0,0,2,1,4,1,Gd,10,Typ,1,TA,Attchd,1998.0,Fin,2,431,TA,TA,Y,89,0,0,0,0,0,,,,0,7,2006,WD,Normal,199900
455,90,RL,63.0,9297,Pave,,Reg,Lvl,AllPub,Inside,Gtl,Mitchel,Norm,Norm,Duplex,1Story,5,5,1976,1976,Gable,CompShg,Plywood,Plywood,None,0.0,TA,TA,CBlock,TA,TA,No,ALQ,1606,Unf,0,122,1728,GasA,TA,Y,SBrkr,1728,0,0,1728,2,0,2,0,4,2,TA,8,Typ,0,,Detchd,1976.0,Unf,2,560,TA,TA,Y,0,0,0,0,0,0,,,,0,7,2006,WD,Family,188000
457,70,RM,34.0,4571,Pave,Grvl,Reg,Lvl,AllPub,Inside,Gtl,OldTown,Norm,Norm,1Fam,2Story,5,5,1916,1950,Gable,CompShg,AsbShng,AsbShng,None,0.0,TA,TA,BrkTil,TA,TA,No,Unf,0,Unf,0,624,624,GasA,Fa,N,SBrkr,624,720,0,1344,0,0,1,0,4,1,TA,7,Typ,0,,Detchd,1916.0,Unf,3,513,Fa,Fa,Y,0,0,96,0,0,0,,,,0,5,2008,COD,Abnorml,98000
483,70,RM,50.0,2500,Pave,Pave,Reg,Lvl,AllPub,Corner,Gtl,OldTown,Norm,Norm,1Fam,2Story,7,8,1915,2005,Gable,CompShg,Stucco,Stucco,None,0.0,Gd,TA,PConc,TA,TA,No,ALQ,299,Unf,0,611,910,GasA,Ex,Y,SBrkr,916,910,0,1826,1,0,1,1,4,1,Ex,7,Min2,1,Gd,Attchd,1915.0,Unf,1,164,Fa,Fa,Y,0,0,0,0,0,0,,,,0,6,2009,WD,Normal,155000
497,20,RL,,12692,Pave,,IR1,Lvl,AllPub,Inside,Gtl,NoRidge,Norm,Norm,1Fam,1Story,8,5,1992,1993,Hip,CompShg,BrkFace,BrkFace,None,0.0,Gd,TA,PConc,Gd,TA,No,GLQ,1231,Unf,0,1969,3200,GasA,Ex,Y,SBrkr,3228,0,0,3228,1,0,3,0,4,1,Gd,10,Typ,1,Gd,Attchd,1992.0,RFn,2,546,TA,TA,Y,264,75,291,0,0,0,,,,0,5,2007,WD,Normal,430000
498,50,RL,60.0,9120,Pave,Pave,Reg,Lvl,AllPub,Inside,Gtl,BrkSide,Norm,Norm,1Fam,1.5Fin,7,6,1925,1950,Gable,CompShg,Wd Sdng,Wd Sdng,None,0.0,TA,Gd,PConc,TA,TA,No,Rec,329,Unf,0,697,1026,GasA,Ex,Y,SBrkr,1133,687,0,1820,1,0,2,0,4,1,TA,8,Typ,0,,Detchd,1925.0,Unf,1,240,TA,TA,N,0,100,0,0,0,0,,GdPrv,,0,6,2008,WD,Normal,184000
506,90,RM,60.0,7596,Pave,Grvl,Reg,Lvl,AllPub,Inside,Gtl,OldTown,Artery,Norm,Duplex,2Story,5,5,1952,1952,Hip,CompShg,Wd Sdng,Wd Sdng,BrkFace,360.0,TA,TA,CBlock,TA,TA,No,Unf,0,Unf,0,960,960,GasA,Gd,Y,SBrkr,960,1000,0,1960,0,0,2,0,4,2,TA,10,Typ,0,,Detchd,1952.0,Unf,2,400,TA,TA,N,0,0,0,0,0,0,,,,0,7,2009,COD,Normal,124500
530,20,RL,,32668,Pave,,IR1,Lvl,AllPub,CulDSac,Gtl,Crawfor,Norm,Norm,1Fam,1Story,6,3,1957,1975,Hip,CompShg,Wd Sdng,Stone,,,Gd,TA,PConc,TA,TA,No,Rec,1219,Unf,0,816,2035,GasA,TA,Y,SBrkr,2515,0,0,2515,1,0,3,0,4,2,TA,9,Maj1,2,TA,Attchd,1975.0,RFn,2,484,TA,TA,Y,0,0,200,0,0,0,,,,0,3,2007,WD,Alloca,200624
542,60,RL,,11000,Pave,,Reg,Lvl,AllPub,FR2,Gtl,NoRidge,Norm,Norm,1Fam,2Story,8,5,2000,2000,Gable,CompShg,VinylSd,VinylSd,BrkFace,72.0,Gd,TA,PConc,Gd,TA,No,Unf,0,Unf,0,969,969,GasA,Ex,Y,SBrkr,997,1288,0,2285,0,0,2,1,4,1,Gd,8,Typ,1,TA,BuiltIn,2000.0,Fin,3,648,TA,TA,Y,0,56,0,0,0,0,,,,0,6,2007,WD,Normal,248000
546,50,RL,,13837,Pave,,IR1,Lvl,AllPub,Corner,Gtl,NWAmes,Norm,Norm,1Fam,1.5Fin,7,5,1988,1988,Gable,CompShg,HdBoard,HdBoard,BrkFace,178.0,Gd,Gd,PConc,Gd,Gd,No,GLQ,1002,LwQ,202,0,1204,GasA,Gd,Y,SBrkr,1377,806,0,2183,0,0,2,1,4,1,Gd,9,Typ,0,,Attchd,1988.0,Unf,3,786,TA,TA,Y,0,0,0,0,0,0,,,,0,2,2006,WD,Normal,229000
550,60,FV,75.0,9375,Pave,,Reg,Lvl,AllPub,Inside,Gtl,Somerst,Norm,Norm,1Fam,2Story,7,5,2003,2004,Gable,CompShg,VinylSd,VinylSd,None,0.0,Gd,TA,PConc,Gd,TA,No,Unf,0,Unf,0,912,912,GasA,Ex,Y,SBrkr,912,1182,0,2094,0,0,2,1,4,1,Gd,8,Typ,1,Gd,BuiltIn,2003.0,Fin,2,615,TA,TA,Y,182,182,0,0,0,0,,,,0,11,2009,WD,Normal,263000
564,50,RL,66.0,21780,Pave,,Reg,Lvl,AllPub,Inside,Gtl,Edwards,Norm,Norm,1Fam,1.5Fin,6,7,1918,1950,Gable,CompShg,Wd Sdng,Wd Sdng,None,0.0,TA,TA,BrkTil,Gd,TA,Mn,Unf,0,Unf,0,1163,1163,GasA,Ex,Y,SBrkr,1163,511,0,1674,0,0,2,0,4,1,TA,8,Typ,1,Gd,Detchd,1955.0,Fin,2,396,TA,TA,N,72,36,0,0,144,0,,,,0,7,2008,WD,Normal,185000
565,60,RL,,13346,Pave,,IR1,Lvl,AllPub,CulDSac,Gtl,NoRidge,Norm,Norm,1Fam,2Story,7,5,1992,2000,Gable,CompShg,HdBoard,HdBoard,None,0.0,Gd,TA,PConc,Gd,TA,No,GLQ,728,Unf,0,367,1095,GasA,Ex,Y,SBrkr,1166,1129,0,2295,1,0,2,1,4,1,Gd,9,Typ,1,TA,Attchd,1992.0,RFn,2,590,TA,TA,Y,0,40,0,0,0,0,,,,0,7,2006,WD,Normal,268000
566,70,RL,66.0,6858,Pave,,Reg,Bnk,AllPub,Corner,Gtl,SWISU,Norm,Norm,1Fam,2Story,6,4,1915,1950,Gable,CompShg,Wd Sdng,Wd Sdng,None,0.0,TA,TA,PConc,Gd,TA,No,Unf,0,Unf,0,806,806,GasA,TA,N,FuseF,841,806,0,1647,1,0,1,1,4,1,Fa,6,Typ,0,,Detchd,1920.0,Unf,1,216,TA,TA,Y,0,66,136,0,0,0,,,,0,5,2010,WD,Normal,128000
567,60,RL,77.0,11198,Pave,,IR1,Lvl,AllPub,Inside,Gtl,StoneBr,Norm,Norm,1Fam,2Story,9,5,2005,2007,Hip,CompShg,VinylSd,VinylSd,BrkFace,245.0,Gd,TA,PConc,Gd,Gd,No,Unf,0,Unf,0,1122,1122,GasA,Ex,Y,SBrkr,1134,1370,0,2504,0,0,2,1,4,1,Ex,11,Typ,1,Gd,BuiltIn,2005.0,Fin,3,656,TA,TA,Y,144,39,0,0,0,0,,,,0,6,2008,WD,Normal,325000
580,50,RM,81.0,12150,Pave,Grvl,Reg,Lvl,AllPub,Inside,Gtl,OldTown,Norm,Norm,1Fam,1.5Fin,5,5,1954,1954,Gable,CompShg,MetalSd,MetalSd,BrkFace,335.0,TA,TA,BrkTil,TA,TA,No,Unf,0,Unf,0,1050,1050,GasA,Ex,N,FuseF,1050,745,0,1795,0,0,2,0,4,1,TA,7,Typ,0,,Attchd,1954.0,Unf,1,352,Fa,TA,Y,0,0,0,0,0,0,,,,0,11,2008,WD,Normal,131500
609,70,RL,78.0,12168,Pave,,Reg,HLS,AllPub,Inside,Mod,Crawfor,Norm,Norm,1Fam,2Story,8,6,1934,1998,Gable,CompShg,BrkFace,Wd Sdng,None,0.0,TA,TA,PConc,Gd,TA,Mn,BLQ,428,Unf,0,537,965,GasA,TA,Y,SBrkr,1940,1254,0,3194,0,0,2,1,4,1,TA,10,Typ,2,Gd,Basment,1934.0,Unf,2,380,TA,TA,Y,0,0,0,0,0,0,,,,0,9,2007,WD,Alloca,359100
620,60,RL,85.0,12244,Pave,,Reg,Lvl,AllPub,Inside,Gtl,Timber,Norm,Norm,1Fam,2Story,8,5,2003,2003,Hip,CompShg,VinylSd,VinylSd,Stone,226.0,Gd,TA,PConc,Gd,TA,Gd,GLQ,871,Unf,0,611,1482,GasA,Ex,Y,SBrkr,1482,780,0,2262,1,0,2,1,4,1,Gd,10,Typ,2,Gd,Attchd,2003.0,Fin,3,749,TA,TA,Y,168,0,0,0,0,0,,,,0,8,2008,WD,Normal,305000
622,60,RL,90.0,10800,Pave,,Reg,Lvl,AllPub,Inside,Gtl,NWAmes,Norm,Norm,1Fam,2Story,6,7,1974,1997,Gable,CompShg,HdBoard,HdBoard,None,0.0,TA,TA,CBlock,TA,TA,No,ALQ,956,Rec,182,384,1522,GasA,TA,Y,SBrkr,1548,1066,0,2614,0,0,2,1,4,1,TA,9,Typ,1,TA,Attchd,1974.0,RFn,2,624,TA,TA,Y,38,243,0,0,0,0,,,,0,6,2008,WD,Normal,240000
625,60,RL,80.0,10400,Pave,,Reg,Lvl,AllPub,Inside,Gtl,NWAmes,Norm,Norm,1Fam,2Story,6,5,1972,1972,Gable,CompShg,VinylSd,VinylSd,None,288.0,TA,TA,CBlock,TA,TA,No,Rec,247,Unf,0,485,732,GasA,Gd,Y,SBrkr,1012,778,0,1790,1,0,1,2,4,1,TA,8,Min2,1,TA,Attchd,1972.0,RFn,2,484,TA,TA,Y,148,0,0,0,147,0,,,,0,11,2006,WD,Normal,165150
643,80,RL,75.0,13860,Pave,,Reg,Lvl,AllPub,Inside,Gtl,NAmes,Norm,Norm,1Fam,SLvl,8,7,1972,1995,Gable,CompShg,Plywood,Wd Sdng,None,0.0,Gd,TA,CBlock,Gd,TA,Gd,GLQ,1410,Unf,0,542,1952,GasA,Gd,Y,SBrkr,2000,704,0,2704,1,0,2,1,4,1,Ex,9,Typ,3,TA,Attchd,1972.0,Fin,2,538,TA,TA,Y,269,111,0,0,0,0,,MnPrv,,0,7,2009,WD,Normal,345000
644,60,RL,80.0,10793,Pave,,Reg,Lvl,AllPub,Inside,Gtl,NWAmes,RRAn,Norm,1Fam,2Story,5,5,1969,1969,Mansard,CompShg,WdShing,HdBoard,BrkFace,263.0,TA,TA,CBlock,TA,TA,No,Rec,493,BLQ,287,0,780,GasA,Ex,Y,SBrkr,780,840,0,1620,0,0,2,1,4,1,TA,7,Min1,0,,Attchd,1969.0,Fin,2,462,TA,TA,Y,208,0,0,0,0,0,,GdWo,,0,4,2007,WD,Normal,152000
649,60,RL,70.0,7700,Pave,,Reg,Lvl,AllPub,Inside,Gtl,NAmes,PosN,Norm,1Fam,2Story,6,5,1966,1966,Gable,CompShg,MetalSd,MetalSd,BrkFace,351.0,TA,TA,CBlock,TA,TA,No,Unf,0,Unf,0,756,756,GasA,TA,Y,SBrkr,1051,788,0,1839,0,0,1,1,4,1,TA,7,Typ,1,TA,Attchd,1966.0,Unf,2,442,TA,TA,Y,0,124,216,0,0,0,,,,0,6,2010,WD,Normal,155000
652,70,RL,60.0,9084,Pave,,Reg,Lvl,AllPub,Inside,Gtl,Edwards,Artery,Norm,1Fam,2Story,4,5,1940,1950,Gable,CompShg,MetalSd,MetalSd,None,0.0,TA,TA,CBlock,TA,TA,Mn,Unf,0,Unf,0,755,755,GasA,TA,Y,SBrkr,755,755,0,1510,1,0,1,0,4,1,TA,7,Typ,1,Gd,Detchd,1940.0,Unf,1,296,Fa,Po,P,120,0,0,0,0,0,,MnPrv,,0,10,2009,WD,Normal,108000
662,60,RL,52.0,46589,Pave,,IR2,Lvl,AllPub,CulDSac,Gtl,NoRidge,Norm,Norm,1Fam,2Story,8,7,1994,2005,Hip,CompShg,VinylSd,VinylSd,BrkFace,528.0,Gd,TA,PConc,Gd,Gd,No,GLQ,1361,Rec,180,88,1629,GasA,Ex,Y,SBrkr,1686,762,0,2448,1,0,2,1,4,1,Gd,8,Typ,1,TA,Attchd,1994.0,RFn,3,711,TA,TA,Y,517,76,0,0,0,0,,,,0,7,2009,WD,Normal,402000
677,70,RM,60.0,9600,Pave,Grvl,Reg,Lvl,AllPub,Inside,Gtl,OldTown,Norm,Norm,1Fam,2Story,4,2,1900,1950,Gable,CompShg,AsbShng,Stucco,None,0.0,TA,TA,BrkTil,TA,Fa,No,Unf,0,Unf,0,1095,1095,GasW,Fa,N,SBrkr,1095,679,0,1774,1,0,2,0,4,2,TA,8,Min2,0,,2Types,1920.0,Unf,3,779,Fa,Fa,N,0,0,90,0,0,0,,,,0,5,2006,WD,Normal,87000
685,60,RL,58.0,16770,Pave,,IR2,Lvl,AllPub,CulDSac,Gtl,NoRidge,Norm,Norm,1Fam,2Story,7,5,1998,1998,Gable,CompShg,VinylSd,VinylSd,BrkFace,30.0,Gd,TA,PConc,Gd,TA,No,Unf,0,Unf,0,1195,1195,GasA,Gd,Y,SBrkr,1195,644,0,1839,0,0,2,1,4,1,TA,7,Typ,0,,Attchd,1998.0,Fin,2,486,TA,TA,Y,0,81,0,0,0,0,,,,0,6,2010,WD,Normal,221000
692,60,RL,104.0,21535,Pave,,IR1,Lvl,AllPub,Corner,Gtl,NoRidge,Norm,Norm,1Fam,2Story,10,6,1994,1995,Gable,WdShngl,HdBoard,HdBoard,BrkFace,1170.0,Ex,TA,PConc,Ex,TA,Gd,GLQ,1455,Unf,0,989,2444,GasA,Ex,Y,SBrkr,2444,1872,0,4316,0,1,3,1,4,1,Ex,10,Typ,2,Ex,Attchd,1994.0,Fin,3,832,TA,TA,Y,382,50,0,0,0,0,,,,0,1,2007,WD,Normal,755000
693,60,RL,42.0,26178,Pave,,IR1,Lvl,AllPub,Inside,Mod,Timber,Norm,Norm,1Fam,2Story,7,5,1989,1990,Hip,CompShg,MetalSd,MetalSd,BrkFace,293.0,Gd,TA,PConc,Gd,TA,Gd,GLQ,965,Unf,0,245,1210,GasA,Ex,Y,SBrkr,1238,1281,0,2519,1,0,2,1,4,1,Gd,9,Typ,2,Gd,Attchd,1989.0,RFn,2,628,TA,TA,Y,320,27,0,0,0,0,,,,0,4,2006,WD,Normal,335000
703,60,RL,82.0,12438,Pave,,IR1,Lvl,AllPub,Inside,Gtl,StoneBr,Norm,Norm,1Fam,2Story,8,5,2006,2006,Hip,CompShg,VinylSd,VinylSd,BrkFace,466.0,Ex,TA,PConc,Ex,Gd,No,Unf,0,Unf,0,1234,1234,GasA,Ex,Y,SBrkr,1264,1312,0,2576,0,0,2,1,4,1,Ex,10,Typ,1,Gd,BuiltIn,2006.0,Fin,3,666,TA,TA,Y,324,100,0,0,0,0,,,,0,7,2006,New,Partial,361919
704,190,RM,76.0,7630,Pave,,Reg,Lvl,AllPub,Inside,Gtl,OldTown,Feedr,Norm,2fmCon,2Story,5,9,1900,1996,Gable,CompShg,Wd Sdng,Wd Sdng,None,0.0,TA,Gd,BrkTil,Gd,TA,No,Unf,0,Unf,0,360,360,GasA,Gd,Y,SBrkr,1032,780,0,1812,0,0,2,0,4,2,Gd,8,Typ,1,Po,Detchd,1999.0,Unf,2,672,TA,TA,N,344,0,40,0,0,0,,MnPrv,,0,5,2010,WD,Normal,140000
724,50,RL,60.0,8172,Pave,,Reg,Lvl,AllPub,Inside,Gtl,Edwards,Norm,Norm,1Fam,1.5Fin,4,6,1954,1972,Gable,CompShg,MetalSd,MetalSd,None,0.0,TA,TA,PConc,TA,TA,No,Unf,0,Unf,0,941,941,GasA,Ex,Y,SBrkr,997,473,0,1470,0,0,2,0,4,1,TA,7,Typ,0,,Detchd,1958.0,Unf,1,548,TA,TA,Y,0,0,0,0,156,0,,,,0,5,2008,WD,Normal,135000
729,90,RL,85.0,11475,Pave,,Reg,Lvl,AllPub,Corner,Gtl,NAmes,Norm,Norm,Duplex,1Story,5,5,1958,1958,Gable,CompShg,VinylSd,VinylSd,BrkFace,95.0,TA,TA,CBlock,TA,TA,No,Unf,0,Unf,0,1584,1584,GasA,TA,Y,SBrkr,1776,0,0,1776,1,0,2,0,4,2,TA,9,Typ,0,,Detchd,1968.0,Unf,3,888,TA,TA,Y,0,25,0,0,0,0,,,,0,7,2009,COD,Abnorml,110000
746,60,RL,,8963,Pave,,IR1,Lvl,AllPub,Inside,Gtl,NWAmes,Norm,Norm,1Fam,2Story,8,9,1976,1996,Hip,CompShg,VinylSd,VinylSd,BrkFace,289.0,Ex,Gd,CBlock,TA,Gd,No,GLQ,575,ALQ,80,487,1142,GasA,Ex,Y,SBrkr,1175,1540,0,2715,0,1,3,1,4,1,Gd,11,Typ,2,TA,BuiltIn,1994.0,Fin,2,831,TA,TA,Y,0,204,0,0,0,0,,,,0,7,2008,WD,Normal,299800
747,60,RL,,8795,Pave,,IR1,Lvl,AllPub,Inside,Gtl,Gilbert,Norm,Norm,1Fam,2Story,7,5,2000,2000,Gable,CompShg,VinylSd,VinylSd,None,0.0,Gd,TA,PConc,Gd,TA,No,GLQ,300,Unf,0,652,952,GasA,Ex,Y,SBrkr,980,1276,0,2256,0,0,2,1,4,1,Gd,8,Typ,1,TA,BuiltIn,2000.0,Fin,2,554,TA,TA,Y,224,54,0,0,0,0,,,,0,4,2009,WD,Normal,236000
748,70,RM,65.0,11700,Pave,Pave,IR1,Lvl,AllPub,Corner,Gtl,OldTown,Norm,Norm,1Fam,2Story,7,7,1880,2003,Mansard,CompShg,Stucco,Stucco,None,0.0,Gd,TA,Stone,TA,Fa,No,Unf,0,Unf,0,1240,1240,GasW,TA,N,SBrkr,1320,1320,0,2640,0,0,1,1,4,1,Gd,8,Typ,1,Gd,Detchd,1950.0,Unf,4,864,TA,TA,N,181,0,386,0,0,0,,,,0,5,2009,WD,Normal,265979
750,50,RL,50.0,8405,Pave,,Reg,Lvl,AllPub,Inside,Gtl,Edwards,Norm,Norm,1Fam,1.5Fin,4,3,1945,1950,Gable,CompShg,WdShing,Wd Shng,None,0.0,TA,TA,Slab,,,,,0,,0,0,0,Wall,TA,N,FuseF,1088,441,0,1529,0,0,2,0,4,1,TA,9,Mod,0,,Detchd,1945.0,Unf,1,240,TA,TA,N,92,0,185,0,0,0,,,,0,4,2009,WD,Normal,98000
760,60,RL,65.0,12257,Pave,,IR1,Lvl,AllPub,Inside,Gtl,NoRidge,Norm,Norm,1Fam,2Story,8,5,1995,1995,Gable,CompShg,VinylSd,VinylSd,BrkFace,513.0,Gd,TA,PConc,Gd,TA,Av,LwQ,56,ALQ,64,1198,1318,GasA,Ex,Y,SBrkr,1328,1203,0,2531,0,0,2,1,4,1,Gd,9,Typ,1,TA,Attchd,1995.0,RFn,3,752,TA,TA,Y,222,98,0,0,0,0,,,,0,11,2007,WD,Normal,290000
768,50,RL,75.0,12508,Pave,,IR1,Lvl,AllPub,Inside,Gtl,Mitchel,Norm,Norm,1Fam,1.5Fin,6,7,1940,1985,Gable,CompShg,VinylSd,VinylSd,None,0.0,TA,TA,CBlock,Gd,TA,Mn,ALQ,660,Unf,0,323,983,GasA,Ex,Y,SBrkr,983,767,0,1750,1,0,2,0,4,1,TA,7,Mod,0,,Attchd,1989.0,Unf,1,423,TA,TA,Y,245,0,156,0,0,0,,,Shed,1300,7,2008,WD,Normal,160000
770,60,RL,47.0,53504,Pave,,IR2,HLS,AllPub,CulDSac,Mod,StoneBr,Norm,Norm,1Fam,2Story,8,5,2003,2003,Hip,CompShg,CemntBd,Wd Shng,BrkFace,603.0,Ex,TA,PConc,Gd,TA,Gd,ALQ,1416,Unf,0,234,1650,GasA,Ex,Y,SBrkr,1690,1589,0,3279,1,0,3,1,4,1,Ex,12,Mod,1,Gd,BuiltIn,2003.0,Fin,3,841,TA,TA,Y,503,36,0,0,210,0,,,,0,6,2010,WD,Normal,538000
779,90,RH,60.0,8400,Pave,,Reg,Lvl,AllPub,Inside,Gtl,SawyerW,Feedr,Norm,Duplex,1Story,5,5,1977,1977,Gable,CompShg,Plywood,Plywood,BrkFace,320.0,TA,TA,Slab,,,,,0,,0,0,0,GasA,TA,Y,SBrkr,2020,0,0,2020,0,0,2,0,4,2,TA,10,Typ,2,TA,Detchd,1977.0,Unf,2,630,TA,TA,Y,0,0,0,0,0,0,,,,0,10,2007,WD,Normal,144000
787,50,RM,60.0,10800,Pave,,Reg,Lvl,AllPub,Inside,Gtl,OldTown,Artery,Norm,1Fam,1.5Fin,5,6,1915,1950,Gable,CompShg,MetalSd,MetalSd,None,0.0,TA,Gd,PConc,Fa,TA,No,LwQ,686,Unf,0,0,686,GasA,TA,Y,SBrkr,966,686,0,1652,1,0,2,0,4,1,TA,7,Typ,0,,Detchd,1961.0,Unf,1,416,TA,TA,Y,0,0,196,0,0,0,,,Shed,1200,6,2010,WD,Normal,139000
788,60,RL,76.0,10142,Pave,,IR1,Lvl,AllPub,Inside,Gtl,SawyerW,Norm,Norm,1Fam,2Story,7,5,2004,2004,Gable,CompShg,VinylSd,VinylSd,None,0.0,Gd,TA,PConc,Gd,TA,No,GLQ,656,Unf,0,300,956,GasA,Ex,Y,SBrkr,956,1128,0,2084,1,0,2,1,4,1,Gd,8,Typ,0,,BuiltIn,2004.0,RFn,2,618,TA,TA,Y,0,45,0,0,0,0,,,,0,1,2010,WD,Normal,233000
799,60,RL,104.0,13518,Pave,,Reg,Lvl,AllPub,Inside,Gtl,NridgHt,Norm,Norm,1Fam,2Story,9,5,2008,2009,Hip,CompShg,VinylSd,VinylSd,Stone,860.0,Ex,TA,PConc,Ex,TA,No,Unf,0,Unf,0,1926,1926,GasA,Ex,Y,SBrkr,1966,1174,0,3140,0,0,3,1,4,1,Ex,11,Typ,2,Gd,BuiltIn,2009.0,Fin,3,820,TA,TA,Y,144,78,0,0,0,0,,,,0,7,2009,New,Partial,485000
801,60,RL,79.0,12798,Pave,,IR1,HLS,AllPub,Inside,Mod,ClearCr,Feedr,Norm,1Fam,2Story,6,5,1997,1997,Gable,CompShg,VinylSd,VinylSd,None,0.0,TA,TA,PConc,Gd,TA,Gd,GLQ,462,Unf,0,154,616,GasA,Gd,Y,SBrkr,616,1072,0,1688,1,0,2,1,4,1,Gd,8,Typ,0,,Attchd,1997.0,RFn,2,603,TA,TA,Y,403,114,185,0,0,0,,,Shed,400,5,2008,WD,Normal,200000
804,60,RL,107.0,13891,Pave,,Reg,Lvl,AllPub,Inside,Gtl,NridgHt,Norm,Norm,1Fam,2Story,9,5,2008,2009,Hip,CompShg,VinylSd,VinylSd,Stone,424.0,Ex,TA,PConc,Ex,TA,Gd,Unf,0,Unf,0,1734,1734,GasA,Ex,Y,SBrkr,1734,1088,0,2822,0,0,3,1,4,1,Ex,12,Typ,1,Gd,BuiltIn,2009.0,RFn,3,1020,TA,TA,Y,52,170,0,0,192,0,,,,0,1,2009,New,Partial,582933
814,20,RL,75.0,9750,Pave,,Reg,Lvl,AllPub,Inside,Gtl,NAmes,Norm,Norm,1Fam,1Story,6,6,1958,1958,Gable,CompShg,MetalSd,MetalSd,BrkFace,243.0,TA,TA,CBlock,TA,TA,No,Rec,608,Unf,0,834,1442,GasA,Gd,Y,SBrkr,1442,0,0,1442,0,0,1,1,4,1,TA,7,Typ,0,,Attchd,1958.0,RFn,1,301,TA,TA,Y,0,0,275,0,0,0,,,Shed,500,4,2007,COD,Normal,157900
841,70,RH,,12155,Pave,,IR1,Lvl,AllPub,Inside,Gtl,SWISU,Norm,Norm,1Fam,2Story,6,8,1925,1950,Gable,CompShg,Wd Sdng,Wd Sdng,None,0.0,TA,TA,BrkTil,TA,TA,No,BLQ,156,Unf,0,516,672,GasA,TA,N,SBrkr,810,672,0,1482,0,0,2,0,4,1,Fa,7,Typ,0,,Detchd,1934.0,Unf,1,400,TA,TA,P,0,0,254,0,0,0,,,,0,3,2008,WD,Normal,140000
845,50,RM,100.0,12665,Pave,Grvl,IR1,Lvl,AllPub,Inside,Gtl,OldTown,Artery,Norm,1Fam,1.5Fin,5,8,1915,1950,Gable,CompShg,Wd Sdng,Wd Sdng,None,0.0,TA,TA,BrkTil,TA,TA,Mn,Unf,0,Unf,0,876,876,GasA,Gd,Y,SBrkr,876,540,0,1416,0,0,1,1,4,1,TA,7,Typ,1,Gd,Detchd,1949.0,Unf,3,720,TA,TA,Y,418,0,194,0,0,0,,,,0,6,2008,WD,Normal,153900
853,75,RL,53.0,7128,Pave,,Reg,Lvl,AllPub,Inside,Gtl,Crawfor,Norm,Norm,1Fam,2.5Unf,7,5,1941,1950,Gable,CompShg,MetalSd,MetalSd,None,0.0,TA,Gd,CBlock,TA,TA,No,Rec,364,Unf,0,554,918,GasA,Gd,Y,SBrkr,918,728,0,1646,0,0,2,0,4,1,TA,7,Typ,2,Gd,Detchd,1941.0,Unf,1,240,TA,TA,Y,0,0,0,0,126,0,,MnPrv,,0,8,2007,WD,Normal,164000
860,60,RL,,11029,Pave,,IR1,Lvl,AllPub,Corner,Gtl,NWAmes,PosA,Norm,1Fam,2Story,6,7,1968,1984,Gable,CompShg,HdBoard,HdBoard,BrkFace,220.0,TA,TA,CBlock,TA,TA,Mn,BLQ,619,Unf,0,435,1054,GasA,TA,Y,SBrkr,1512,1142,0,2654,1,0,2,1,4,1,Gd,9,Typ,1,Gd,Attchd,1968.0,Unf,2,619,TA,TA,Y,0,65,0,0,222,0,,,,0,8,2006,WD,Normal,250000
876,60,FV,75.0,9000,Pave,,Reg,Lvl,AllPub,Inside,Gtl,Somerst,Norm,Norm,1Fam,2Story,8,5,2007,2007,Gable,CompShg,CemntBd,CmentBd,None,0.0,Gd,TA,PConc,Gd,TA,Av,GLQ,64,Unf,0,1120,1184,GasA,Ex,Y,SBrkr,1184,1426,0,2610,0,0,2,1,4,1,Ex,11,Typ,1,Gd,BuiltIn,2007.0,Fin,2,550,TA,TA,Y,208,364,0,0,0,0,,,,0,8,2007,New,Partial,303477
878,60,RL,74.0,8834,Pave,,Reg,Lvl,AllPub,Inside,Gtl,NridgHt,Norm,Norm,1Fam,2Story,9,5,2004,2005,Hip,CompShg,VinylSd,VinylSd,Stone,216.0,Gd,TA,PConc,Ex,TA,No,GLQ,1170,Unf,0,292,1462,GasA,Ex,Y,SBrkr,1462,762,0,2224,1,0,2,1,4,1,Ex,10,Typ,1,Gd,Attchd,2004.0,Fin,3,738,TA,TA,Y,184,0,0,0,0,0,,,,0,6,2009,WD,Normal,350000
887,90,RL,70.0,8393,Pave,,Reg,Lvl,AllPub,Corner,Gtl,NAmes,Norm,Norm,Duplex,1Story,5,5,1959,2005,Gable,CompShg,MetalSd,MetalSd,BrkFace,122.0,TA,TA,CBlock,TA,TA,No,LwQ,528,Unf,0,1098,1626,GasA,Ex,Y,SBrkr,1712,0,0,1712,0,0,2,0,4,2,TA,8,Typ,0,,Attchd,2005.0,Fin,2,588,TA,TA,Y,272,54,0,0,0,0,,,,0,6,2006,WD,Family,145000
889,20,RL,95.0,15865,Pave,,IR1,Lvl,AllPub,Inside,Mod,NAmes,Norm,Norm,1Fam,1Story,8,6,1970,1970,Flat,Tar&Grv,Wd Sdng,Wd Sdng,None,0.0,Gd,Gd,PConc,TA,Gd,Gd,ALQ,351,Rec,823,1043,2217,GasA,Ex,Y,SBrkr,2217,0,0,2217,1,0,2,0,4,1,Gd,8,Typ,1,TA,Attchd,1970.0,Unf,2,621,TA,TA,Y,81,207,0,0,224,0,,,,0,10,2007,WD,Normal,268000
895,90,RL,64.0,7018,Pave,,Reg,Bnk,AllPub,Inside,Gtl,SawyerW,Norm,Norm,Duplex,1Story,5,5,1979,1979,Gable,CompShg,Plywood,Plywood,None,0.0,TA,TA,Slab,,,,,0,,0,0,0,GasA,TA,Y,SBrkr,1535,0,0,1535,0,0,2,0,4,2,TA,8,Typ,0,,Attchd,1979.0,Unf,2,400,TA,TA,Y,0,0,0,0,0,0,,,,0,6,2009,WD,Alloca,118858
896,60,RL,71.0,7056,Pave,,Reg,Lvl,AllPub,Inside,Gtl,NAmes,Norm,Norm,1Fam,2Story,6,5,1963,1963,Hip,CompShg,HdBoard,HdBoard,BrkFace,415.0,TA,TA,CBlock,TA,TA,No,BLQ,400,Unf,0,380,780,GasA,TA,Y,SBrkr,983,813,0,1796,1,0,1,1,4,1,TA,8,Typ,1,TA,Attchd,1963.0,RFn,2,483,TA,TA,Y,0,50,0,0,0,0,,,,0,10,2008,WD,Normal,140000
914,90,RH,82.0,6270,Pave,,Reg,HLS,AllPub,Inside,Gtl,Crawfor,Norm,Norm,Duplex,2Story,5,6,1949,1950,Gable,CompShg,MetalSd,MetalSd,None,0.0,TA,TA,CBlock,TA,TA,No,BLQ,284,Unf,0,717,1001,GasA,TA,N,FuseA,1001,1001,0,2002,0,0,2,0,4,2,TA,8,Typ,0,,2Types,1949.0,Unf,3,871,TA,TA,Y,0,0,0,0,0,0,,,,0,8,2007,WD,Normal,145000
919,60,RL,103.0,13125,Pave,,IR1,Lvl,AllPub,Corner,Gtl,SawyerW,Norm,Norm,1Fam,2Story,7,5,1991,1991,Gable,CompShg,HdBoard,HdBoard,None,0.0,Gd,TA,PConc,Ex,TA,Mn,BLQ,48,GLQ,634,422,1104,GasA,Ex,Y,SBrkr,912,1215,0,2127,1,0,2,1,4,1,Gd,8,Typ,1,TA,Attchd,1991.0,RFn,3,833,TA,TA,Y,72,192,224,0,0,0,,GdPrv,,0,11,2007,WD,Normal,238000
922,90,RL,67.0,8777,Pave,,Reg,Lvl,AllPub,Inside,Gtl,Edwards,Feedr,Norm,Duplex,1.5Fin,5,7,1900,2003,Gable,CompShg,MetalSd,MetalSd,None,0.0,TA,TA,CBlock,TA,TA,No,ALQ,1084,Unf,0,188,1272,GasA,Gd,Y,SBrkr,1272,928,0,2200,2,0,2,2,4,2,TA,9,Typ,0,,,,,0,0,,,N,0,70,0,0,0,0,,GdPrv,,0,9,2008,WD,Normal,145900
927,60,RL,93.0,11999,Pave,,Reg,Lvl,AllPub,Inside,Gtl,NridgHt,Norm,Norm,1Fam,2Story,8,5,2003,2004,Hip,CompShg,VinylSd,VinylSd,BrkFace,340.0,Gd,TA,PConc,Gd,TA,No,Unf,0,Unf,0,1181,1181,GasA,Ex,Y,SBrkr,1234,1140,0,2374,0,0,2,1,4,1,Ex,10,Typ,1,Gd,BuiltIn,2003.0,Fin,3,656,TA,TA,Y,104,100,0,0,0,0,,,,0,5,2007,WD,Normal,285000
928,60,RL,,9900,Pave,,Reg,Lvl,AllPub,Inside,Gtl,NWAmes,Feedr,Norm,1Fam,2Story,7,5,1968,1968,Gable,CompShg,MetalSd,MetalSd,BrkFace,342.0,TA,TA,CBlock,TA,TA,No,BLQ,552,Unf,0,280,832,GasA,Gd,Y,SBrkr,1098,880,0,1978,0,0,2,1,4,1,TA,9,Typ,1,Gd,Attchd,1968.0,RFn,2,486,TA,TA,Y,0,43,0,0,0,0,,GdPrv,,0,4,2008,WD,Normal,176000
930,60,RL,,13006,Pave,,IR1,Lvl,AllPub,Corner,Gtl,Gilbert,Norm,Norm,1Fam,2Story,7,5,1997,1997,Gable,CompShg,HdBoard,HdBoard,BrkFace,285.0,TA,TA,PConc,Gd,TA,No,Unf,0,Unf,0,964,964,GasA,Gd,Y,SBrkr,993,1243,0,2236,0,0,2,1,4,1,Gd,8,Typ,1,TA,BuiltIn,1997.0,Fin,2,642,TA,TA,Y,0,0,0,0,0,0,,,,0,11,2006,WD,Normal,222000
935,20,RL,313.0,27650,Pave,,IR2,HLS,AllPub,Inside,Mod,NAmes,PosA,Norm,1Fam,1Story,7,7,1960,2007,Flat,Tar&Grv,Wd Sdng,Wd Sdng,None,0.0,TA,TA,CBlock,Gd,TA,Gd,GLQ,425,Unf,0,160,585,GasA,Ex,Y,SBrkr,2069,0,0,2069,1,0,2,0,4,1,Gd,9,Typ,1,Gd,Attchd,1960.0,RFn,2,505,TA,TA,Y,0,0,0,0,0,0,,,,0,11,2008,WD,Normal,242000
940,70,RL,,24090,Pave,,Reg,Lvl,AllPub,Inside,Gtl,ClearCr,Norm,Norm,1Fam,2Story,7,7,1940,1950,Gable,CompShg,MetalSd,MetalSd,None,0.0,TA,Gd,CBlock,TA,TA,Mn,Unf,0,Unf,0,1032,1032,GasA,Ex,Y,SBrkr,1207,1196,0,2403,0,0,2,0,4,1,TA,10,Typ,2,TA,Attchd,1940.0,Unf,1,349,TA,TA,Y,56,0,318,0,0,0,,,,0,6,2010,COD,Normal,244400
941,90,RL,55.0,12640,Pave,,IR1,Lvl,AllPub,Inside,Gtl,Mitchel,Norm,Norm,Duplex,1Story,6,5,1976,1976,Gable,CompShg,Plywood,Plywood,None,0.0,TA,TA,CBlock,TA,TA,Gd,Rec,936,LwQ,396,396,1728,GasA,TA,Y,SBrkr,1728,0,0,1728,0,0,2,0,4,2,TA,8,Typ,0,,Attchd,1976.0,Unf,2,574,TA,TA,Y,40,0,0,0,0,0,,,,0,7,2006,WD,Normal,150900
943,90,RL,42.0,7711,Pave,,IR1,Lvl,AllPub,Inside,Gtl,Edwards,Norm,Norm,Duplex,1Story,4,3,1977,1977,Gable,CompShg,MetalSd,MetalSd,None,0.0,TA,TA,PConc,Gd,TA,Gd,GLQ,1440,Unf,0,0,1440,GasA,TA,Y,SBrkr,1440,0,0,1440,2,0,2,0,4,2,TA,8,Typ,0,,,,,0,0,,,N,321,0,0,0,0,0,,,,0,8,2007,Oth,Abnorml,150000
944,90,RL,100.0,25000,Pave,,Reg,Low,AllPub,Inside,Gtl,Mitchel,Norm,Norm,Duplex,1Story,5,4,1967,1967,Gable,CompShg,HdBoard,Plywood,None,0.0,TA,TA,CBlock,TA,TA,Av,Unf,0,Unf,0,1632,1632,GasA,TA,Y,SBrkr,1632,0,0,1632,0,0,2,0,4,2,TA,8,Typ,0,,Attchd,1967.0,Unf,2,576,TA,TA,P,0,0,0,0,0,0,,,,0,6,2007,WD,Normal,143000
954,60,RL,,11075,Pave,,IR1,Lvl,AllPub,Inside,Mod,Mitchel,Norm,Norm,1Fam,2Story,5,4,1969,1969,Gable,CompShg,HdBoard,HdBoard,BrkFace,232.0,TA,TA,CBlock,TA,TA,Av,ALQ,562,LwQ,193,29,784,GasA,Ex,Y,SBrkr,1168,800,0,1968,0,1,2,1,4,1,TA,7,Min2,1,Po,Attchd,1969.0,RFn,2,530,TA,TA,Y,305,189,0,0,0,0,,MnPrv,Shed,400,9,2008,WD,Normal,172000
955,90,RL,35.0,9400,Pave,,IR1,Lvl,AllPub,CulDSac,Gtl,Edwards,Norm,Norm,Duplex,SFoyer,6,5,1975,1975,Flat,Tar&Grv,WdShing,Plywood,BrkFace,250.0,TA,TA,CBlock,Gd,Gd,Gd,GLQ,945,Unf,0,0,945,GasA,TA,Y,SBrkr,980,0,0,980,0,2,2,0,4,0,TA,4,Typ,0,,,,,0,0,,,Y,0,0,0,0,0,0,,,,0,10,2006,WD,AdjLand,127500
956,90,RH,82.0,7136,Pave,,IR1,HLS,AllPub,Inside,Gtl,Crawfor,Norm,Norm,Duplex,2Story,6,6,1946,1950,Gable,CompShg,MetalSd,MetalSd,BrkFace,423.0,TA,TA,CBlock,Gd,TA,No,Rec,484,Unf,0,495,979,GasA,TA,N,FuseF,979,979,0,1958,0,0,2,0,4,2,TA,8,Typ,0,,Attchd,1946.0,Unf,2,492,TA,TA,Y,0,0,0,0,0,0,,,,0,8,2007,WD,Normal,145000
962,60,RL,,12227,Pave,,IR1,Lvl,AllPub,Corner,Gtl,NWAmes,PosN,Norm,1Fam,2Story,6,7,1977,1995,Gable,CompShg,HdBoard,HdBoard,BrkFace,424.0,TA,Gd,CBlock,Gd,Gd,No,ALQ,896,Unf,0,434,1330,GasA,TA,Y,SBrkr,1542,1330,0,2872,1,0,2,1,4,1,TA,11,Typ,1,TA,Attchd,1977.0,Fin,2,619,TA,TA,Y,550,282,0,0,0,0,,,,0,7,2008,WD,Normal,272000
965,60,RL,80.0,11316,Pave,,Reg,Lvl,AllPub,Corner,Gtl,Timber,Norm,Norm,1Fam,2Story,7,5,2002,2003,Gable,CompShg,VinylSd,VinylSd,BrkFace,44.0,Gd,TA,PConc,Gd,TA,No,GLQ,624,Unf,0,193,817,GasA,Ex,Y,SBrkr,824,1070,0,1894,1,0,2,1,4,1,Gd,8,Typ,1,Gd,BuiltIn,2002.0,Fin,2,510,TA,TA,Y,0,40,0,0,0,0,,,,0,2,2010,WD,Normal,214900
971,50,RL,60.0,10800,Pave,,Reg,Lvl,AllPub,Inside,Gtl,NAmes,Norm,Norm,1Fam,1.5Fin,4,4,1949,1950,Gable,CompShg,AsbShng,AsbShng,None,0.0,TA,TA,CBlock,TA,TA,No,Unf,0,Unf,0,720,720,GasA,TA,N,FuseA,720,472,0,1192,0,0,1,1,4,1,TA,6,Typ,0,,,,,0,0,,,Y,0,0,0,0,0,0,,,,0,12,2006,WD,Abnorml,135000
982,60,RL,98.0,12203,Pave,,IR1,Lvl,AllPub,Corner,Gtl,NoRidge,Norm,Norm,1Fam,2Story,8,5,1998,1999,Hip,CompShg,VinylSd,VinylSd,BrkFace,975.0,Gd,TA,PConc,Gd,TA,No,GLQ,854,Unf,0,371,1225,GasA,Ex,Y,SBrkr,1276,1336,0,2612,1,0,2,1,4,1,Gd,8,Typ,1,TA,Attchd,1998.0,Fin,3,676,TA,TA,Y,250,0,0,0,0,0,,,,0,7,2009,WD,Normal,336000
984,60,RL,,11250,Pave,,Reg,Lvl,AllPub,Corner,Gtl,CollgCr,Norm,Norm,1Fam,2Story,8,5,2002,2002,Gable,CompShg,CemntBd,CmentBd,None,0.0,Gd,TA,PConc,Gd,TA,Mn,Unf,0,Unf,0,1128,1128,GasA,Ex,Y,SBrkr,1149,1141,0,2290,0,0,2,1,4,1,Gd,9,Typ,1,Gd,Attchd,2002.0,Unf,2,779,TA,TA,Y,0,0,0,0,0,0,,,,0,5,2008,WD,Normal,255900
985,90,RL,75.0,10125,Pave,,Reg,Lvl,AllPub,Inside,Gtl,Mitchel,Norm,Norm,Duplex,1.5Fin,5,5,1977,1977,Gable,CompShg,Plywood,Plywood,None,0.0,TA,TA,CBlock,,,,,0,,0,0,0,GasA,TA,Y,SBrkr,1302,432,0,1734,0,0,2,0,4,2,Gd,8,Typ,0,,Attchd,1977.0,Unf,2,539,TA,TA,Y,0,0,0,0,0,0,,,,0,8,2009,COD,Normal,126000
989,60,RL,,12046,Pave,,IR1,Lvl,AllPub,Inside,Gtl,NWAmes,Norm,Norm,1Fam,2Story,6,6,1976,1976,Gable,CompShg,Plywood,Plywood,BrkFace,298.0,TA,TA,CBlock,TA,TA,No,LwQ,156,Unf,0,692,848,GasA,TA,Y,SBrkr,1118,912,0,2030,0,0,2,1,4,1,Gd,8,Typ,1,TA,Attchd,1976.0,Fin,2,551,TA,TA,Y,0,224,0,0,0,0,,,,0,6,2007,WD,Normal,195000
992,70,RM,121.0,17671,Pave,Grvl,Reg,Lvl,AllPub,Corner,Gtl,OldTown,Artery,Norm,1Fam,2Story,8,9,1882,1986,Gable,CompShg,Wd Sdng,Wd Sdng,None,0.0,Gd,Gd,BrkTil,TA,TA,No,BLQ,216,Unf,0,700,916,GasA,Gd,Y,SBrkr,916,826,0,1742,0,0,1,1,4,1,Gd,8,Typ,1,Gd,Attchd,1925.0,Unf,2,424,TA,TA,P,0,169,0,0,0,0,,,,0,11,2009,WD,Normal,168000
1004,90,RL,,11500,Pave,,IR1,Lvl,AllPub,Corner,Gtl,NWAmes,Feedr,RRAn,Duplex,1Story,5,6,1976,1976,Gable,CompShg,VinylSd,VinylSd,BrkFace,164.0,TA,TA,CBlock,TA,TA,No,Unf,0,Unf,0,1680,1680,GasA,Fa,Y,SBrkr,1680,0,0,1680,0,0,2,0,4,2,TA,8,Typ,0,,Detchd,1976.0,Unf,2,528,TA,TA,Y,0,0,0,0,0,0,,,,0,6,2007,WD,Normal,136905
1010,50,RL,60.0,6000,Pave,,Reg,Lvl,AllPub,Inside,Gtl,SWISU,Norm,Norm,1Fam,1.5Fin,5,5,1926,1950,Gable,CompShg,Wd Sdng,Wd Sdng,None,0.0,TA,Fa,BrkTil,TA,TA,No,Unf,0,Unf,0,1008,1008,GasA,Ex,Y,SBrkr,1008,0,514,1522,0,0,2,0,4,1,TA,7,Typ,0,,,,,0,0,,,P,0,0,138,0,0,0,,,,0,6,2006,WD,Normal,102000
1011,50,RL,115.0,21286,Pave,,Reg,Lvl,AllPub,Inside,Gtl,Sawyer,Norm,Norm,1Fam,1.5Fin,5,5,1948,1950,Gable,CompShg,Wd Sdng,Wd Sdng,None,0.0,TA,TA,CBlock,TA,TA,No,Unf,0,Unf,0,720,720,GasA,TA,Y,SBrkr,720,551,0,1271,0,0,2,0,4,1,TA,7,Typ,1,Gd,Attchd,1948.0,Unf,1,312,TA,TA,Y,0,0,108,0,0,0,,,,0,8,2008,WD,Normal,135000
1012,90,RL,75.0,9825,Pave,,Reg,Lvl,AllPub,Inside,Gtl,Edwards,Norm,Norm,Duplex,1Story,5,5,1965,1965,Hip,CompShg,AsphShn,AsphShn,None,0.0,TA,TA,CBlock,,,,,0,,0,0,0,GasA,TA,N,SBrkr,1664,0,0,1664,0,0,2,0,4,2,TA,8,Typ,0,,,,,0,0,,,Y,0,0,0,0,0,0,,,,0,5,2010,WD,Normal,100000
1042,60,RL,,9130,Pave,,Reg,Lvl,AllPub,Inside,Gtl,NWAmes,Feedr,Norm,1Fam,2Story,6,8,1966,2000,Hip,CompShg,HdBoard,HdBoard,BrkFace,252.0,TA,TA,CBlock,TA,TA,No,GLQ,400,Rec,64,336,800,GasA,Gd,Y,SBrkr,800,832,0,1632,0,1,1,1,4,1,Gd,7,Typ,0,,Attchd,1966.0,Unf,2,484,TA,TA,Y,0,40,0,0,0,0,,,,0,7,2008,WD,Normal,173000
1044,60,RL,86.0,11839,Pave,,Reg,Lvl,AllPub,Inside,Gtl,SawyerW,Norm,Norm,1Fam,2Story,7,5,1990,1990,Hip,CompShg,HdBoard,HdBoard,BrkFace,99.0,TA,TA,PConc,Gd,TA,No,GLQ,1085,Unf,0,390,1475,GasA,Ex,Y,SBrkr,1532,797,0,2329,1,0,2,1,4,1,Gd,10,Typ,1,Ex,Attchd,1990.0,Unf,2,514,TA,TA,Y,192,121,0,0,0,0,,,,0,5,2008,WD,Normal,262280
1045,20,RL,80.0,9600,Pave,,Reg,Lvl,AllPub,Inside,Gtl,NWAmes,PosN,Norm,1Fam,1Story,8,5,1981,1981,Hip,WdShngl,BrkFace,BrkFace,None,0.0,Gd,TA,PConc,Gd,TA,No,ALQ,1104,Unf,0,1420,2524,GasA,TA,Y,SBrkr,2524,0,0,2524,1,0,2,1,4,1,Gd,9,Typ,1,Gd,Attchd,1981.0,Fin,2,542,TA,TA,Y,474,120,0,0,0,0,,MnPrv,,0,7,2009,WD,Normal,278000
1046,20,RL,,13680,Pave,,IR1,Lvl,AllPub,CulDSac,Gtl,Edwards,Norm,Norm,1Fam,1Story,3,5,1955,1955,Hip,CompShg,BrkFace,Wd Sdng,None,0.0,TA,TA,Slab,,,,,0,,0,0,0,GasA,Ex,Y,FuseA,1733,0,0,1733,0,0,2,0,4,1,TA,8,Min2,1,Gd,Attchd,1955.0,Unf,2,452,TA,TA,Y,0,0,0,0,0,0,,,,0,6,2009,WD,Normal,139600
1047,60,RL,85.0,16056,Pave,,IR1,Lvl,AllPub,Inside,Gtl,StoneBr,Norm,Norm,1Fam,2Story,9,5,2005,2006,Hip,CompShg,CemntBd,CmentBd,Stone,208.0,Gd,TA,PConc,Ex,TA,Av,GLQ,240,Unf,0,1752,1992,GasA,Ex,Y,SBrkr,1992,876,0,2868,0,0,3,1,4,1,Ex,11,Typ,1,Gd,BuiltIn,2005.0,Fin,3,716,TA,TA,Y,214,108,0,0,0,0,,,,0,7,2006,New,Partial,556581
1053,60,RL,100.0,9500,Pave,,Reg,Lvl,AllPub,Corner,Gtl,NAmes,Artery,Norm,1Fam,2Story,6,6,1964,1978,Gable,CompShg,VinylSd,VinylSd,BrkCmn,272.0,TA,TA,CBlock,TA,TA,No,Rec,442,Unf,0,374,816,GasA,TA,Y,SBrkr,1127,850,0,1977,0,1,1,1,4,1,TA,9,Typ,1,TA,Attchd,1964.0,RFn,2,540,TA,TA,Y,0,52,0,0,0,0,,GdPrv,,0,6,2007,WD,Normal,165000
1054,20,RL,68.0,8562,Pave,,Reg,Lvl,AllPub,Inside,Mod,Edwards,Norm,Norm,1Fam,1Story,5,6,1957,2002,Hip,CompShg,HdBoard,HdBoard,Stone,145.0,TA,TA,CBlock,TA,TA,Av,Rec,383,Unf,0,833,1216,GasA,Ex,Y,FuseA,1526,0,0,1526,0,0,1,0,4,1,TA,7,Min2,1,Gd,Basment,1957.0,Unf,1,364,TA,TA,Y,116,78,0,0,0,0,,,,0,5,2010,WD,Normal,144500
1068,60,RL,80.0,9760,Pave,,Reg,Lvl,AllPub,Inside,Mod,NAmes,Norm,Norm,1Fam,2Story,6,6,1964,1964,Gable,CompShg,HdBoard,HdBoard,BrkFace,360.0,TA,TA,CBlock,TA,TA,Gd,GLQ,674,LwQ,106,0,780,GasA,TA,Y,SBrkr,798,813,0,1611,1,0,1,1,4,1,TA,7,Typ,0,,Attchd,1964.0,RFn,2,442,TA,TA,Y,328,128,0,0,189,0,,,,0,6,2008,WD,Normal,167900
1072,60,RL,78.0,11700,Pave,,Reg,Lvl,AllPub,Inside,Gtl,NWAmes,RRAn,Norm,1Fam,2Story,6,6,1968,1968,Gable,CompShg,MetalSd,MetalSd,None,0.0,TA,TA,CBlock,TA,TA,No,Rec,298,Unf,0,429,727,GasA,Ex,Y,SBrkr,829,727,0,1556,0,0,1,1,4,1,TA,8,Typ,0,,Attchd,1968.0,Unf,2,441,TA,TA,Y,0,0,0,0,0,0,,,,0,5,2009,WD,Normal,154000
1073,50,RL,50.0,7585,Pave,,Reg,Lvl,AllPub,Inside,Gtl,Edwards,Artery,Norm,1Fam,1.5Fin,5,3,1948,1950,Gable,CompShg,MetalSd,MetalSd,None,0.0,TA,TA,CBlock,Fa,Fa,Mn,Unf,0,Unf,0,810,810,GasA,Fa,Y,FuseA,1002,454,0,1456,1,1,1,0,4,1,TA,7,Typ,1,TA,Detchd,1954.0,Unf,1,280,TA,TA,P,0,0,0,0,0,0,,,,0,8,2006,WD,Normal,91500
1093,50,RL,60.0,8400,Pave,,Reg,Bnk,AllPub,Inside,Gtl,SWISU,Norm,Norm,1Fam,1.5Fin,6,5,1925,1950,Gable,CompShg,MetalSd,MetalSd,None,0.0,TA,TA,PConc,TA,TA,No,Rec,423,Unf,0,758,1181,GasA,Fa,Y,SBrkr,1390,304,0,1694,0,0,2,0,4,1,TA,7,Typ,1,Gd,Detchd,1925.0,Unf,2,576,TA,TA,Y,342,0,128,0,0,0,,,,0,6,2008,WD,Normal,136500
1112,60,RL,80.0,10480,Pave,,Reg,Lvl,AllPub,Inside,Gtl,NWAmes,Norm,Norm,1Fam,2Story,7,6,1976,1976,Hip,CompShg,Plywood,Plywood,BrkFace,660.0,TA,TA,CBlock,TA,TA,No,ALQ,403,Unf,0,400,803,GasA,TA,Y,SBrkr,1098,866,0,1964,0,0,2,1,4,1,TA,8,Typ,1,Gd,Attchd,1976.0,RFn,2,483,TA,TA,Y,0,69,0,0,0,0,,,,0,9,2008,WD,Normal,205000
1129,60,RL,59.0,11796,Pave,,IR1,Lvl,AllPub,Inside,Gtl,Gilbert,Norm,Norm,1Fam,2Story,7,5,2004,2005,Gable,CompShg,VinylSd,VinylSd,None,0.0,Gd,TA,PConc,Gd,TA,Av,Unf,0,Unf,0,847,847,GasA,Ex,Y,SBrkr,847,1112,0,1959,0,0,2,1,4,1,Gd,8,Typ,1,Gd,BuiltIn,2004.0,Fin,2,434,TA,TA,Y,100,48,0,0,0,0,,,,0,7,2007,WD,Normal,215000
1131,50,RL,65.0,7804,Pave,,Reg,Lvl,AllPub,Inside,Gtl,SWISU,Norm,Norm,1Fam,1.5Fin,4,3,1928,1950,Gable,CompShg,WdShing,Plywood,None,0.0,TA,TA,BrkTil,TA,TA,No,BLQ,622,Unf,0,500,1122,GasA,TA,Y,SBrkr,1328,653,0,1981,1,0,2,0,4,1,Gd,7,Min2,2,TA,Detchd,1981.0,Unf,2,576,TA,TA,Y,431,44,0,0,0,0,,MnPrv,,0,12,2009,WD,Normal,135000
1142,60,RL,,10304,Pave,,IR1,Lvl,AllPub,CulDSac,Gtl,NWAmes,PosN,Norm,1Fam,2Story,5,7,1976,1976,Gable,CompShg,Plywood,Plywood,BrkFace,44.0,TA,Gd,CBlock,TA,TA,No,ALQ,381,Unf,0,399,780,GasA,Ex,Y,SBrkr,1088,780,0,1868,1,0,2,1,4,1,Gd,9,Typ,1,TA,Attchd,1976.0,Unf,2,484,TA,TA,Y,448,96,0,0,0,0,,,,0,10,2009,WD,Normal,197500
1143,60,RL,77.0,9965,Pave,,Reg,Lvl,AllPub,Inside,Gtl,CollgCr,Norm,Norm,1Fam,2Story,8,5,2006,2007,Hip,CompShg,VinylSd,VinylSd,Stone,340.0,Gd,TA,PConc,Ex,TA,Gd,GLQ,1150,Unf,0,316,1466,GasA,Ex,Y,SBrkr,1466,1362,0,2828,1,0,3,0,4,1,Gd,11,Typ,1,TA,BuiltIn,2006.0,RFn,3,1052,TA,TA,Y,125,144,0,0,0,0,,,,0,4,2007,New,Partial,424870
1155,60,RL,,13700,Pave,,IR1,Lvl,AllPub,Inside,Gtl,NAmes,Norm,Norm,1Fam,2Story,7,6,1965,1988,Gable,CompShg,VinylSd,VinylSd,Stone,288.0,TA,TA,CBlock,TA,TA,Gd,ALQ,454,Unf,0,410,864,GasA,TA,Y,SBrkr,902,918,0,1820,0,0,1,2,4,1,Gd,8,Typ,2,Gd,Attchd,1965.0,Unf,2,492,TA,TA,Y,60,84,0,0,273,0,,GdPrv,,0,5,2008,WD,Normal,201800
1160,60,RL,76.0,9120,Pave,,Reg,Lvl,AllPub,Inside,Gtl,NWAmes,Norm,Norm,1Fam,2Story,6,6,1974,1974,Hip,CompShg,HdBoard,HdBoard,BrkFace,270.0,Gd,TA,CBlock,TA,TA,No,ALQ,442,Unf,0,459,901,GasA,TA,Y,SBrkr,943,933,0,1876,0,0,2,1,4,1,Gd,8,Typ,1,TA,Attchd,1974.0,RFn,2,540,Gd,TA,Y,0,69,0,0,0,0,,,,0,7,2008,WD,Normal,185000
1169,70,RL,120.0,13728,Pave,,Reg,Lvl,AllPub,Corner,Gtl,Edwards,Norm,Norm,1Fam,2Story,6,7,1935,1986,Hip,CompShg,Stucco,Stucco,None,0.0,TA,TA,CBlock,TA,TA,No,Rec,626,Unf,0,501,1127,GasA,Ex,Y,SBrkr,1236,872,0,2108,0,0,2,0,4,1,Gd,7,Typ,2,TA,Basment,1935.0,Unf,2,540,TA,TA,Y,0,0,0,0,90,0,,,,0,7,2008,WD,Normal,235000
1170,60,RL,118.0,35760,Pave,,IR1,Lvl,AllPub,CulDSac,Gtl,NoRidge,Norm,Norm,1Fam,2Story,10,5,1995,1996,Hip,CompShg,HdBoard,HdBoard,BrkFace,1378.0,Gd,Gd,PConc,Ex,TA,Gd,GLQ,1387,Unf,0,543,1930,GasA,Ex,Y,SBrkr,1831,1796,0,3627,1,0,3,1,4,1,Gd,10,Typ,1,TA,Attchd,1995.0,Fin,3,807,TA,TA,Y,361,76,0,0,0,0,,,,0,7,2006,WD,Normal,625000
1175,70,RL,80.0,16560,Pave,,IR1,Lvl,AllPub,Inside,Gtl,Crawfor,Norm,Norm,1Fam,2Story,6,8,1932,1950,Gable,CompShg,Wd Sdng,Wd Sdng,None,0.0,TA,TA,BrkTil,Gd,TA,No,Rec,503,Unf,0,449,952,GasA,TA,Y,SBrkr,1170,1175,0,2345,0,0,2,1,4,1,TA,9,Typ,1,Gd,Detchd,1932.0,Unf,2,360,TA,TA,Y,0,0,0,0,0,0,,,,0,7,2006,WD,Normal,239000
1176,50,RL,85.0,10678,Pave,,Reg,Lvl,AllPub,Inside,Gtl,NoRidge,Norm,Norm,1Fam,1.5Fin,8,5,1992,2000,Hip,CompShg,HdBoard,HdBoard,BrkFace,337.0,Gd,TA,PConc,Gd,TA,No,GLQ,700,Unf,0,983,1683,GasA,Ex,Y,SBrkr,2129,743,0,2872,0,0,2,1,4,1,Gd,9,Typ,1,TA,Attchd,1992.0,Fin,2,541,TA,TA,Y,0,33,0,0,0,0,,,,0,4,2007,WD,Normal,285000
1181,60,RL,,11170,Pave,,IR2,Lvl,AllPub,Corner,Gtl,Timber,Norm,Norm,1Fam,2Story,7,5,1990,1991,Gable,CompShg,MetalSd,MetalSd,None,0.0,TA,TA,Wood,Gd,TA,No,LwQ,1216,Unf,0,0,1216,GasA,Ex,Y,SBrkr,1298,1216,0,2514,0,0,2,1,4,1,TA,8,Typ,0,,Attchd,1990.0,Fin,2,693,TA,TA,Y,0,0,0,0,0,0,,GdPrv,,0,4,2006,WD,Normal,250000
1183,60,RL,160.0,15623,Pave,,IR1,Lvl,AllPub,Corner,Gtl,NoRidge,Norm,Norm,1Fam,2Story,10,5,1996,1996,Hip,CompShg,Wd Sdng,ImStucc,None,0.0,Gd,TA,PConc,Ex,TA,Av,GLQ,2096,Unf,0,300,2396,GasA,Ex,Y,SBrkr,2411,2065,0,4476,1,0,3,1,4,1,Ex,10,Typ,2,TA,Attchd,1996.0,Fin,3,813,TA,TA,Y,171,78,0,0,0,555,Ex,MnPrv,,0,7,2007,WD,Abnorml,745000
1186,50,RL,60.0,9738,Pave,,Reg,Lvl,AllPub,Inside,Gtl,Edwards,Norm,Norm,1Fam,1.5Fin,5,7,1924,1950,Gable,CompShg,AsbShng,AsbShng,None,0.0,TA,Gd,BrkTil,TA,TA,No,BLQ,392,Unf,0,392,784,GasA,Gd,Y,SBrkr,949,272,0,1221,1,0,1,0,4,1,TA,7,Typ,0,,Attchd,1965.0,Unf,1,392,TA,TA,Y,0,0,236,0,0,0,,,,0,3,2006,WD,Normal,104900
1195,60,RL,80.0,9364,Pave,,Reg,Lvl,AllPub,Corner,Gtl,Sawyer,Norm,Norm,1Fam,2Story,6,7,1969,1969,Gable,CompShg,HdBoard,HdBoard,Stone,143.0,TA,TA,CBlock,TA,TA,No,ALQ,371,Unf,0,292,663,GasA,TA,Y,SBrkr,663,689,0,1352,0,0,1,1,4,1,TA,7,Typ,0,,Attchd,1969.0,Fin,1,299,TA,TA,Y,379,36,0,0,0,0,,MnPrv,,0,3,2010,WD,Normal,158000
1197,60,RL,58.0,14054,Pave,,IR1,Lvl,AllPub,Inside,Gtl,Gilbert,Norm,Norm,1Fam,2Story,7,5,2006,2006,Gable,CompShg,VinylSd,VinylSd,None,0.0,Gd,TA,PConc,Gd,TA,Av,Unf,0,Unf,0,879,879,GasA,Ex,Y,SBrkr,879,984,0,1863,0,0,2,1,4,1,Gd,9,Typ,1,Gd,BuiltIn,2006.0,Fin,3,660,TA,TA,Y,100,17,0,0,0,0,,,,0,11,2006,New,Partial,219210
1212,50,RL,152.0,12134,Pave,,IR1,Bnk,AllPub,Inside,Mod,Gilbert,Norm,Norm,1Fam,1.5Fin,8,7,1988,2005,Gable,CompShg,Wd Sdng,Wd Sdng,None,0.0,Gd,TA,Wood,Gd,TA,Av,GLQ,427,Unf,0,132,559,GasA,Gd,Y,SBrkr,1080,672,0,1752,0,0,2,0,4,1,TA,8,Typ,0,,Basment,1988.0,RFn,2,492,TA,TA,Y,325,12,0,0,0,0,,,,0,6,2010,WD,Normal,164000
1217,90,RM,68.0,8930,Pave,,Reg,Lvl,AllPub,Inside,Gtl,Sawyer,RRAe,Norm,Duplex,1.5Fin,6,5,1978,1978,Gable,CompShg,VinylSd,VinylSd,None,0.0,TA,TA,Slab,,,,,0,,0,0,0,GasA,TA,Y,SBrkr,1318,584,0,1902,0,0,2,0,4,2,TA,8,Typ,0,,Attchd,1978.0,Unf,2,539,TA,TA,Y,0,0,0,0,0,0,,,,0,4,2010,WD,Normal,112000
1224,20,RL,89.0,10680,Pave,,Reg,Lvl,AllPub,Inside,Gtl,NAmes,Norm,Norm,1Fam,1Story,5,3,1951,1951,Hip,CompShg,Wd Sdng,Wd Sdng,BrkFace,44.0,TA,TA,CBlock,TA,Fa,No,LwQ,756,Unf,0,1380,2136,GasA,TA,N,FuseA,2136,0,0,2136,0,0,2,0,4,1,TA,7,Mod,0,,Detchd,1951.0,Unf,2,528,TA,TA,Y,0,30,0,0,0,0,,MnPrv,,0,10,2006,WD,Normal,137900
1227,60,RL,86.0,14598,Pave,,IR1,Lvl,AllPub,CulDSac,Gtl,Somerst,Feedr,Norm,1Fam,2Story,6,5,2007,2007,Gable,CompShg,VinylSd,VinylSd,Stone,74.0,Gd,TA,PConc,Gd,TA,Mn,Unf,0,Unf,0,894,894,GasA,Ex,Y,SBrkr,894,1039,0,1933,0,0,2,1,4,1,Gd,9,Typ,1,Gd,BuiltIn,2007.0,Fin,3,668,TA,TA,Y,100,18,0,0,0,0,,,,0,1,2008,WD,Normal,214000
1230,80,RL,70.0,7910,Pave,,Reg,Lvl,AllPub,Inside,Gtl,NAmes,Norm,Norm,1Fam,SLvl,5,5,1960,1960,Hip,CompShg,BrkFace,HdBoard,None,0.0,TA,TA,CBlock,TA,TA,No,ALQ,666,Unf,0,409,1075,GasA,Gd,Y,SBrkr,1507,0,0,1507,0,0,2,0,4,1,TA,7,Maj1,0,,Basment,1960.0,Unf,1,404,TA,TA,Y,0,0,0,0,0,0,,GdWo,,0,8,2008,WD,Normal,127000
1231,90,RL,,18890,Pave,,IR1,Lvl,AllPub,Inside,Gtl,Sawyer,Feedr,RRAe,Duplex,1.5Fin,5,5,1977,1977,Shed,CompShg,Plywood,Plywood,None,1.0,TA,TA,CBlock,Gd,TA,No,GLQ,498,Rec,211,652,1361,GasA,Ex,Y,SBrkr,1361,1259,0,2620,0,0,2,2,4,2,TA,12,Typ,1,TA,BuiltIn,1977.0,RFn,2,600,TA,TA,N,155,24,145,0,0,0,,,Gar2,8300,8,2007,WD,Normal,190000
1235,70,RH,55.0,8525,Pave,,Reg,Bnk,AllPub,Inside,Gtl,SWISU,Norm,Norm,1Fam,2Story,5,6,1911,1950,Gable,CompShg,MetalSd,MetalSd,None,0.0,TA,TA,PConc,TA,TA,Av,Unf,0,Unf,0,940,940,GasA,TA,N,FuseA,1024,940,0,1964,0,0,1,1,4,1,TA,7,Typ,0,,,,,0,0,,,N,0,192,0,0,0,0,,,,0,11,2008,WD,Abnorml,130000
1236,70,RL,96.0,13132,Pave,,Reg,Lvl,AllPub,Inside,Gtl,Crawfor,Norm,Norm,1Fam,2Story,5,5,1914,1950,Gable,CompShg,Wd Sdng,Wd Sdng,None,0.0,TA,TA,BrkTil,Gd,TA,Mn,Unf,0,Unf,0,747,747,GasA,Gd,Y,FuseF,892,892,0,1784,0,0,1,1,4,1,TA,9,Typ,0,,Detchd,1914.0,Unf,1,180,Fa,Fa,N,203,40,0,0,0,0,,,,0,7,2006,WD,Normal,138887
1238,60,RL,41.0,12393,Pave,,IR2,Lvl,AllPub,FR2,Gtl,CollgCr,Norm,Norm,1Fam,2Story,7,5,2004,2005,Gable,CompShg,VinylSd,VinylSd,None,0.0,Gd,TA,PConc,Gd,TA,No,Unf,0,Unf,0,847,847,GasA,Ex,Y,SBrkr,847,1101,0,1948,0,0,2,1,4,1,Gd,8,Typ,1,Gd,BuiltIn,2004.0,Fin,2,434,TA,TA,Y,100,48,0,0,0,0,,,,0,9,2006,WD,Normal,195000
1267,190,RM,60.0,10120,Pave,,IR1,Bnk,AllPub,Inside,Gtl,OldTown,Feedr,Norm,2fmCon,2.5Unf,7,4,1910,1950,Hip,CompShg,Wd Sdng,Wd Sdng,None,0.0,Fa,TA,CBlock,TA,TA,No,Unf,0,Unf,0,925,925,GasA,TA,N,FuseF,964,925,0,1889,0,0,1,1,4,2,TA,9,Typ,1,Gd,Detchd,1960.0,Unf,1,308,TA,TA,N,0,0,264,0,0,0,,MnPrv,,0,1,2007,WD,Normal,122000
1269,50,RL,,14100,Pave,,IR1,Lvl,AllPub,Inside,Mod,Crawfor,Norm,Norm,1Fam,1.5Fin,8,9,1935,1997,Gable,CompShg,Stucco,Stucco,BrkFace,632.0,TA,Gd,CBlock,TA,TA,Mn,Rec,192,Unf,0,536,728,GasA,Ex,Y,SBrkr,1968,1479,0,3447,0,0,3,1,4,1,Gd,11,Typ,2,Gd,BuiltIn,1982.0,Unf,3,1014,TA,TA,Y,314,12,0,0,0,0,,GdWo,,0,5,2008,WD,Normal,381000
1276,90,RL,95.0,11345,Pave,,Reg,Lvl,AllPub,Corner,Gtl,NAmes,Feedr,Norm,Duplex,2Story,5,5,1948,1950,Gable,Roll,AsbShng,AsbShng,Stone,567.0,TA,TA,CBlock,TA,TA,No,Rec,220,Unf,0,708,928,GasA,Gd,Y,FuseA,928,992,0,1920,0,0,2,0,4,2,TA,10,Typ,0,,Detchd,1948.0,Unf,2,400,TA,Fa,Y,0,0,0,0,0,0,,,,0,7,2007,WD,Normal,137000
1284,90,RL,94.0,9400,Pave,,Reg,Low,AllPub,Corner,Gtl,Mitchel,Norm,Norm,Duplex,2Story,6,5,1971,1971,Mansard,CompShg,MetalSd,Wd Shng,None,0.0,TA,TA,CBlock,TA,TA,Av,Unf,0,Unf,0,912,912,GasA,TA,Y,SBrkr,912,912,0,1824,0,0,2,2,4,2,TA,8,Typ,0,,,,,0,0,,,Y,128,0,0,0,0,0,,,,0,4,2010,WD,Normal,139000
1285,50,RL,50.0,9638,Pave,,Reg,Lvl,AllPub,Inside,Gtl,SWISU,Feedr,Norm,1Fam,1.5Fin,6,7,1919,1990,Gable,CompShg,Wd Sdng,Wd Shng,None,0.0,TA,TA,PConc,TA,TA,No,Unf,0,Unf,0,804,804,GasA,Ex,Y,SBrkr,1699,748,0,2447,0,0,2,0,4,1,Gd,10,Min2,1,Gd,Detchd,1969.0,Unf,1,336,TA,TA,Y,272,0,42,0,116,0,,,,0,3,2010,WD,Normal,169000
1286,50,RM,50.0,6000,Pave,,Reg,Lvl,AllPub,Inside,Gtl,BrkSide,Norm,Norm,1Fam,1.5Fin,6,6,1939,1950,Gable,CompShg,MetalSd,MetalSd,None,0.0,TA,Fa,CBlock,TA,TA,No,Unf,0,Unf,0,780,780,GasA,Ex,Y,FuseF,825,587,0,1412,0,0,1,0,4,1,TA,6,Typ,1,Gd,Detchd,1939.0,Unf,1,280,TA,TA,Y,45,0,0,0,0,0,,,,0,5,2009,WD,Normal,132500
1288,20,RL,,36500,Pave,,IR1,Low,AllPub,Inside,Mod,ClearCr,Norm,Norm,1Fam,1Story,5,5,1964,1964,Gable,CompShg,Wd Sdng,Wd Sdng,BrkCmn,621.0,TA,Gd,CBlock,TA,TA,Av,Rec,812,Unf,0,812,1624,GasA,Fa,Y,SBrkr,1582,0,0,1582,0,1,2,0,4,1,TA,7,Typ,0,,Attchd,1964.0,Unf,2,390,TA,TA,N,168,198,0,0,0,0,,,,0,6,2006,WD,Normal,190000
1293,70,RM,60.0,6600,Pave,,Reg,Lvl,AllPub,Corner,Gtl,OldTown,Norm,Norm,1Fam,2Story,5,4,1892,1965,Gable,CompShg,Wd Sdng,Wd Sdng,None,0.0,TA,TA,Stone,TA,TA,No,Unf,0,Unf,0,994,994,GasA,TA,N,SBrkr,1378,994,0,2372,0,0,2,0,4,2,TA,11,Min2,0,,Attchd,1985.0,RFn,1,432,TA,TA,Y,0,287,0,0,0,0,,,,0,12,2009,WD,Normal,107500
1294,60,RL,78.0,10140,Pave,,Reg,Lvl,AllPub,Inside,Gtl,NWAmes,Norm,Norm,1Fam,2Story,7,5,1976,1976,Gable,CompShg,HdBoard,HdBoard,None,0.0,TA,TA,PConc,Gd,TA,No,GLQ,194,Unf,0,638,832,GasA,TA,Y,SBrkr,832,832,0,1664,0,0,2,1,4,1,TA,8,Typ,1,TA,Attchd,1976.0,RFn,2,528,TA,TA,Y,0,28,0,0,259,0,,GdWo,,0,3,2006,WD,Normal,162900
1303,60,RL,92.0,10120,Pave,,Reg,Lvl,AllPub,Inside,Gtl,NoRidge,Norm,Norm,1Fam,2Story,8,5,1994,1994,Hip,CompShg,VinylSd,VinylSd,BrkFace,391.0,Gd,TA,PConc,Gd,TA,No,GLQ,740,Unf,0,425,1165,GasA,Ex,Y,SBrkr,1203,1323,0,2526,1,0,2,1,4,1,Gd,8,Typ,1,TA,Attchd,1994.0,RFn,3,844,TA,TA,Y,309,78,0,0,0,0,,,,0,12,2006,WD,Normal,290000
1313,60,RL,,9572,Pave,,IR1,Lvl,AllPub,Inside,Gtl,NoRidge,Norm,Norm,1Fam,2Story,8,5,1990,1990,Gable,CompShg,Wd Sdng,Wd Sdng,BrkFace,336.0,Gd,TA,PConc,Ex,TA,No,GLQ,482,Unf,0,971,1453,GasA,Ex,Y,SBrkr,1453,1357,0,2810,0,0,2,1,4,1,Gd,9,Typ,1,Ex,Attchd,1990.0,RFn,2,750,Gd,Gd,Y,500,0,0,0,0,0,,,,0,6,2007,WD,Normal,302000
1314,60,RL,108.0,14774,Pave,,IR1,Lvl,AllPub,Corner,Gtl,NoRidge,Norm,Norm,1Fam,2Story,9,5,1999,1999,Gable,CompShg,VinylSd,VinylSd,BrkFace,165.0,Gd,TA,PConc,Gd,TA,No,Unf,0,Unf,0,1393,1393,GasA,Ex,Y,SBrkr,1422,1177,0,2599,0,0,2,1,4,1,Gd,10,Typ,1,TA,BuiltIn,1999.0,Fin,3,779,TA,TA,Y,668,30,0,0,0,0,,,,0,5,2010,WD,Normal,333168
1316,60,RL,85.0,11075,Pave,,Reg,Lvl,AllPub,Inside,Gtl,NAmes,Norm,Norm,1Fam,2Story,6,5,1969,1969,Gable,CompShg,HdBoard,HdBoard,None,0.0,TA,TA,CBlock,Fa,TA,Mn,ALQ,500,LwQ,276,176,952,GasA,TA,Y,SBrkr,1092,1020,0,2112,0,0,2,1,4,1,TA,9,Typ,2,Gd,Attchd,1969.0,Unf,2,576,TA,TA,Y,280,0,0,0,0,0,,,,0,6,2008,WD,Normal,206900
1337,90,RL,87.0,9246,Pave,,IR1,Lvl,AllPub,Inside,Gtl,NWAmes,Feedr,Norm,Duplex,1Story,5,5,1973,1973,Gable,CompShg,Plywood,Plywood,BrkFace,564.0,TA,TA,CBlock,TA,TA,No,Unf,0,Unf,0,1656,1656,GasA,TA,Y,SBrkr,1656,0,0,1656,0,0,2,0,4,2,TA,8,Typ,0,,Detchd,1973.0,Unf,2,506,TA,TA,Y,0,211,0,0,0,0,,,,0,11,2008,WD,Normal,135000
1350,70,RM,50.0,5250,Pave,Pave,Reg,Lvl,AllPub,Inside,Gtl,OldTown,Norm,Norm,1Fam,2Story,8,5,1872,1987,Gable,CompShg,MetalSd,MetalSd,None,0.0,TA,Gd,BrkTil,TA,Fa,No,LwQ,259,Unf,0,425,684,OthW,Fa,N,SBrkr,938,1215,205,2358,0,0,2,0,4,1,TA,8,Typ,0,,,,,0,0,,,Y,0,54,20,0,0,0,,,,0,12,2008,WD,Normal,122000
1352,60,RL,70.0,9247,Pave,,IR1,Lvl,AllPub,Inside,Gtl,NAmes,Norm,Norm,1Fam,2Story,6,6,1962,1962,Gable,CompShg,HdBoard,HdBoard,BrkFace,318.0,TA,TA,CBlock,TA,TA,No,Rec,319,Unf,0,539,858,GasA,Ex,Y,SBrkr,858,858,0,1716,0,0,1,1,4,1,TA,8,Typ,1,Gd,Attchd,1962.0,Fin,2,490,TA,TA,Y,0,84,0,0,120,0,,,,0,3,2008,WD,Normal,171000
1354,50,RL,56.0,14720,Pave,,IR1,Lvl,AllPub,CulDSac,Gtl,NoRidge,Norm,Norm,1Fam,1.5Fin,8,5,1995,1996,Hip,CompShg,VinylSd,VinylSd,BrkFace,579.0,Gd,TA,PConc,Gd,TA,Av,GLQ,816,Unf,0,1217,2033,GasA,Ex,Y,SBrkr,2053,1185,0,3238,1,0,2,1,4,1,Gd,9,Typ,1,Ex,Attchd,1996.0,Fin,3,666,TA,TA,Y,283,86,0,0,0,0,,,,0,3,2010,WD,Normal,410000
1356,80,RL,102.0,10192,Pave,,IR1,Lvl,AllPub,Inside,Gtl,NWAmes,Norm,Norm,1Fam,SLvl,7,6,1968,1992,Gable,CompShg,MetalSd,MetalSd,BrkFace,143.0,TA,TA,CBlock,TA,TA,No,Unf,0,Unf,0,570,570,GasA,Gd,Y,SBrkr,1222,698,0,1920,0,0,3,0,4,1,Gd,8,Typ,1,TA,Attchd,1968.0,RFn,2,487,TA,TA,Y,0,98,0,0,0,0,,GdPrv,,0,9,2006,WD,Normal,170000
1361,70,RL,51.0,9842,Pave,,Reg,Lvl,AllPub,Inside,Gtl,SWISU,Feedr,Norm,1Fam,2Story,5,6,1921,1998,Gable,CompShg,MetalSd,Wd Sdng,None,0.0,TA,TA,BrkTil,TA,Fa,No,Unf,0,Unf,0,612,612,GasA,Ex,Y,SBrkr,990,1611,0,2601,0,0,3,1,4,1,TA,8,Typ,0,,BuiltIn,1998.0,RFn,2,621,TA,TA,Y,183,0,301,0,0,0,,,,0,5,2008,WD,Normal,189000
1363,50,RL,,12513,Pave,,IR1,Lvl,AllPub,FR2,Gtl,NAmes,Feedr,Norm,1Fam,1.5Fin,4,4,1920,2007,Gable,CompShg,VinylSd,VinylSd,None,0.0,TA,Gd,BrkTil,TA,Fa,No,Unf,0,Unf,0,715,715,GasA,Gd,Y,SBrkr,1281,457,0,1738,0,0,2,0,4,1,TA,7,Typ,1,Gd,Attchd,1920.0,Unf,1,368,TA,TA,Y,55,0,0,0,0,0,,,,0,6,2009,WD,Normal,104900
1368,160,RM,41.0,2665,Pave,,Reg,Lvl,AllPub,Inside,Gtl,MeadowV,Norm,Norm,TwnhsE,2Story,5,6,1977,1977,Gable,CompShg,CemntBd,CmentBd,None,0.0,TA,TA,PConc,TA,TA,No,ALQ,548,Rec,173,36,757,GasA,Ex,Y,SBrkr,925,550,0,1475,0,0,2,0,4,1,TA,6,Typ,1,TA,Attchd,1977.0,RFn,1,336,TA,TA,Y,104,26,0,0,0,0,,,,0,7,2006,WD,Normal,127000
1382,20,RL,,12925,Pave,,IR1,Lvl,AllPub,Corner,Gtl,NAmes,Norm,Norm,1Fam,1Story,6,7,1970,1970,Gable,CompShg,BrkFace,Plywood,None,0.0,TA,TA,CBlock,TA,TA,Mn,BLQ,865,Unf,0,340,1205,GasA,Ex,Y,SBrkr,2117,0,0,2117,0,0,2,1,4,1,TA,7,Typ,2,Gd,Attchd,1970.0,Fin,2,550,TA,TA,Y,0,42,0,0,0,0,,,,0,5,2008,WD,Normal,237500
1383,70,RM,60.0,7200,Pave,,Reg,Lvl,AllPub,Corner,Gtl,OldTown,Norm,Norm,1Fam,2Story,7,7,1920,1950,Hip,CompShg,Wd Sdng,Wd Sdng,None,0.0,TA,TA,BrkTil,Fa,TA,No,Unf,0,Unf,0,596,596,GasA,Ex,Y,SBrkr,998,764,0,1762,1,0,1,1,4,1,Gd,8,Typ,0,,Detchd,1989.0,Unf,2,576,TA,TA,N,36,0,221,0,0,0,,,,0,10,2006,WD,Normal,157000
1392,90,RL,65.0,8944,Pave,,Reg,Lvl,AllPub,Inside,Gtl,NAmes,Norm,Norm,Duplex,1Story,5,5,1967,1967,Gable,CompShg,Plywood,Plywood,None,0.0,TA,TA,CBlock,TA,TA,No,Unf,0,Unf,0,1584,1584,GasA,TA,Y,SBrkr,1584,0,0,1584,0,0,2,0,4,2,TA,8,Mod,0,,Detchd,1967.0,Unf,3,792,TA,TA,Y,0,152,0,0,0,0,,,,0,4,2009,WD,Normal,124000
1396,60,RL,88.0,12665,Pave,,IR1,Lvl,AllPub,Inside,Gtl,Timber,Norm,Norm,1Fam,2Story,8,5,2005,2006,Hip,CompShg,VinylSd,VinylSd,BrkFace,245.0,Gd,TA,PConc,Gd,Gd,Gd,Unf,0,Unf,0,1094,1094,GasA,Ex,Y,SBrkr,1133,1349,0,2482,0,0,2,1,4,1,Gd,9,Typ,1,Gd,BuiltIn,2005.0,Fin,3,642,TA,TA,Y,144,39,0,0,0,0,,,,0,2,2007,WD,Normal,281213
1398,70,RM,51.0,6120,Pave,,Reg,Lvl,AllPub,Inside,Gtl,BrkSide,Norm,Norm,1Fam,2Story,5,8,1920,2004,Gable,CompShg,MetalSd,MetalSd,None,0.0,TA,TA,BrkTil,TA,TA,Mn,Unf,0,Unf,0,939,939,GasA,Ex,Y,SBrkr,939,574,0,1513,0,0,1,1,4,1,TA,8,Typ,0,,Detchd,1933.0,Unf,1,180,Fa,Fa,N,24,0,150,0,0,0,,,,0,5,2007,WD,Normal,137500
1415,50,RL,64.0,13053,Pave,Pave,Reg,Bnk,AllPub,Inside,Gtl,BrkSide,Norm,Norm,1Fam,1.5Fin,6,7,1923,2000,Gambrel,CompShg,Wd Sdng,Wd Sdng,None,0.0,TA,TA,BrkTil,TA,TA,No,Unf,0,Unf,0,833,833,GasA,Gd,Y,SBrkr,1053,795,0,1848,0,0,1,1,4,1,Gd,8,Typ,1,Gd,Detchd,1922.0,Unf,2,370,TA,TA,N,0,0,0,0,220,0,,,,0,6,2008,WD,Normal,207000
1417,190,RM,60.0,11340,Pave,,Reg,Lvl,AllPub,Inside,Gtl,OldTown,Norm,Norm,2fmCon,2Story,4,6,1885,1950,Gable,CompShg,VinylSd,AsbShng,None,0.0,TA,TA,PConc,TA,TA,No,Unf,0,Unf,0,777,777,GasA,Gd,Y,SBrkr,1246,1044,0,2290,0,0,2,0,4,2,TA,11,Typ,0,,Detchd,1971.0,Unf,2,560,TA,TA,N,0,0,114,0,0,0,,,,0,4,2010,WD,Normal,122500
1424,80,RL,,19690,Pave,,IR1,Lvl,AllPub,CulDSac,Gtl,Edwards,Norm,Norm,1Fam,SLvl,6,7,1966,1966,Flat,Tar&Grv,Plywood,Plywood,None,0.0,Gd,Gd,CBlock,Gd,TA,Av,Unf,0,Unf,0,697,697,GasA,TA,Y,SBrkr,1575,626,0,2201,0,0,2,0,4,1,Gd,8,Typ,1,Gd,Attchd,1966.0,Unf,2,432,Gd,Gd,Y,586,236,0,0,0,738,Gd,GdPrv,,0,8,2006,WD,Alloca,274970
1431,60,RL,60.0,21930,Pave,,IR3,Lvl,AllPub,Inside,Gtl,Gilbert,RRAn,Norm,1Fam,2Story,5,5,2005,2005,Gable,CompShg,VinylSd,VinylSd,None,0.0,Gd,TA,PConc,Gd,Gd,Av,Unf,0,Unf,0,732,732,GasA,Ex,Y,SBrkr,734,1104,0,1838,0,0,2,1,4,1,TA,7,Typ,1,Gd,BuiltIn,2005.0,Fin,2,372,TA,TA,Y,100,40,0,0,0,0,,,,0,7,2006,WD,Normal,192140
1433,30,RL,60.0,10800,Pave,Grvl,Reg,Lvl,AllPub,Inside,Gtl,OldTown,Norm,Norm,1Fam,1Story,4,6,1927,2007,Gable,CompShg,Wd Sdng,Wd Sdng,None,0.0,TA,TA,BrkTil,TA,TA,No,Unf,0,Unf,0,656,656,GasA,TA,Y,SBrkr,968,0,0,968,0,0,2,0,4,1,TA,5,Typ,0,,Detchd,1928.0,Unf,1,216,Fa,Fa,Y,0,0,0,0,0,0,,,,0,8,2007,WD,Normal,64500
1451,90,RL,60.0,9000,Pave,,Reg,Lvl,AllPub,FR2,Gtl,NAmes,Norm,Norm,Duplex,2Story,5,5,1974,1974,Gable,CompShg,VinylSd,VinylSd,None,0.0,TA,TA,CBlock,Gd,TA,No,Unf,0,Unf,0,896,896,GasA,TA,Y,SBrkr,896,896,0,1792,0,0,2,2,4,2,TA,8,Typ,0,,,,,0,0,,,Y,32,45,0,0,0,0,,,,0,9,2009,WD,Normal,136000
1458,70,RL,66.0,9042,Pave,,Reg,Lvl,AllPub,Inside,Gtl,Crawfor,Norm,Norm,1Fam,2Story,7,9,1941,2006,Gable,CompShg,CemntBd,CmentBd,None,0.0,Ex,Gd,Stone,TA,Gd,No,GLQ,275,Unf,0,877,1152,GasA,Ex,Y,SBrkr,1188,1152,0,2340,0,0,2,0,4,1,Gd,9,Typ,2,Gd,Attchd,1941.0,RFn,1,252,TA,TA,Y,0,60,0,0,0,0,,GdPrv,Shed,2500,5,2010,WD,Normal,266500
